NAME,TWITTER_URL,SCREEN_NAME,NATIONALITY,GROUP
ADAKTUSSON Lars,http://www.twitter.com/Ladaktusson,@Ladaktusson,Sweden,Group of the European People's Party (Christian Democrats)
ADEMOV Asim Ahmedov,https://twitter.com/ademov_eu,@ademov_eu,Bulgaria,Group of the European People's Party (Christian Democrats)
ADINOLFI Isabella,http://www.twitter.com/Isa_Adinolfi,@Isa_Adinolfi,Italy,Europe of Freedom and Direct Democracy Group
AFFRONTE Marco,http://www.twitter.com/marcoaffronte,@marcoaffronte,Italy,Group of the Greens/European Free Alliance
AGEA Laura,http://www.twitter.com/AgeaLaura,@AgeaLaura,Italy,Europe of Freedom and Direct Democracy Group
AGNEW John Stuart,,,United Kingdom,Europe of Freedom and Direct Democracy Group
AGUILERA GARCÍA Clara Eugenia,http://www.twitter.com/ClaraAguilera7,@ClaraAguilera7,Spain,Group of the Progressive Alliance of Socialists and Democrats in the European Parliament
AIUTO Daniela,http://www.twitter.com/DanielaAiuto,@DanielaAiuto,Italy,Europe of Freedom and Direct Democracy Group
AKER Tim,http://www.twitter.com/Tim_Aker,@Tim_Aker,United Kingdom,Europe of Freedom and Direct Democracy Group
ALBIOL GUZMÁN Marina,http://www.twitter.com/MarinaAlbiol,@MarinaAlbiol,Spain,Confederal Group of the European United Left - Nordic Green Left
ALBRECHT Jan Philipp,http://www.twitter.com/JanAlbrecht,@JanAlbrecht,Germany,Group of the Greens/European Free Alliance
ALI Nedzhmi,,,Bulgaria,Group of the Alliance of Liberals and Democrats for Europe
ALLIOT-MARIE Michèle,http://www.twitter.com/MAlliotMarie,@MAlliotMarie,France,Group of the European People's Party (Christian Democrats)
ANDERSON Lucy,http://www.twitter.com/LucyAndersonMEP,@LucyAndersonMEP,United Kingdom,Group of the Progressive Alliance of Socialists and Democrats in the European Parliament
ANDERSON Martina,http://www.twitter.com/M_AndersonSF,@M_AndersonSF,United Kingdom,Confederal Group of the European United Left - Nordic Green Left
ANDERSSON Max,http://www.twitter.com/MaxAndersson,@MaxAndersson,Sweden,Group of the Greens/European Free Alliance
ANDRIEU Eric,http://www.twitter.com/EricAndrieuEU,@EricAndrieuEU,France,Group of the Progressive Alliance of Socialists and Democrats in the European Parliament
ANDRIKIENĖ Laima Liucija,http://www.twitter.com/Andrikiene,@Andrikiene,Lithuania,Group of the European People's Party (Christian Democrats)
ANDROULAKIS Nikos,http://www.twitter.com/androulakisnick,@androulakisnick,Greece,Group of the Progressive Alliance of Socialists and Democrats in the European Parliament
ANNEMANS Gerolf,http://www.twitter.com/gannemans,@gannemans,Belgium,Europe of Nations and Freedom Group
ARENA Maria,http://www.twitter.com/Mariearenaps,@Mariearenaps,Belgium,Group of the Progressive Alliance of Socialists and Democrats in the European Parliament
ARIMONT Pascal,http://www.twitter.com/PASCALARIMONT,@PASCALARIMONT,Belgium,Group of the European People's Party (Christian Democrats)
ARNAUTU Marie-Christine,http://www.twitter.com/MCArnautu,@MCArnautu,France,Europe of Nations and Freedom Group
ARNOTT Jonathan,http://www.twitter.com/JonathanArnott,@JonathanArnott,United Kingdom,Europe of Freedom and Direct Democracy Group
ARTHUIS Jean,http://www.twitter.com/JeanArthuis,@JeanArthuis,France,Group of the Alliance of Liberals and Democrats for Europe
ASHWORTH Richard,http://www.twitter.com/RichardAshMEP,@RichardAshMEP,United Kingdom,European Conservatives and Reformists Group
ASSIS Francisco,,,Portugal,Group of the Progressive Alliance of Socialists and Democrats in the European Parliament
ATKINSON Janice,http://www.twitter.com/Janice4Brexit,@Janice4Brexit,United Kingdom,Europe of Nations and Freedom Group
AUKEN Margrete,http://www.twitter.com/MargreteAuken,@MargreteAuken,Denmark,Group of the Greens/European Free Alliance
AUŠTREVIČIUS Petras,http://www.twitter.com/petras_petras,@petras_petras,Lithuania,Group of the Alliance of Liberals and Democrats for Europe
AYALA SENDER Inés,http://www.twitter.com/IAyalaSender,@IAyalaSender,Spain,Group of the Progressive Alliance of Socialists and Democrats in the European Parliament
AYUSO Pilar,http://www.twitter.com/ayuso_pilar,@ayuso_pilar,Spain,Group of the European People's Party (Christian Democrats)
BAALEN Johannes Cornelis van,http://www.twitter.com/hans_van_baalen,@hans_van_baalen,Netherlands,Group of the Alliance of Liberals and Democrats for Europe
BACH Georges,,,Luxembourg,Group of the European People's Party (Christian Democrats)
BALAS Guillaume,http://www.twitter.com/BalasGuillaume,@BalasGuillaume,France,Group of the Progressive Alliance of Socialists and Democrats in the European Parliament
BALČYTIS Zigmantas,http://www.twitter.com/balcytis,@balcytis,Lithuania,Group of the Progressive Alliance of Socialists and Democrats in the European Parliament
BALCZÓ Zoltán,,,Hungary,Non-attached Members
BALZ Burkhard,http://www.twitter.com/buba0769,@buba0769,Germany,Group of the European People's Party (Christian Democrats)
BAREKOV Nikolay,http://www.twitter.com/NBarekov,@NBarekov,Bulgaria,European Conservatives and Reformists Group
BASHIR Amjad,http://www.twitter.com/AmjadBashirMEP,@AmjadBashirMEP,United Kingdom,European Conservatives and Reformists Group
BATTEN Gerard,http://www.twitter.com/GerardBattenMEP,@GerardBattenMEP,United Kingdom,Europe of Freedom and Direct Democracy Group
BAY Nicolas,http://www.twitter.com/nicolasbayfn,@nicolasbayfn,France,Europe of Nations and Freedom Group
BAYET Hugues,http://www.twitter.com/HuguesBayet,@HuguesBayet,Belgium,Group of the Progressive Alliance of Socialists and Democrats in the European Parliament
BEARDER Catherine,http://www.twitter.com/catherinemep,@catherinemep,United Kingdom,Group of the Alliance of Liberals and Democrats for Europe
BECERRA BASTERRECHEA Beatriz,http://www.twitter.com/beatrizbecerrab,@beatrizbecerrab,Spain,Group of the Alliance of Liberals and Democrats for Europe
K. BECKER Heinz,,,Austria,Group of the European People's Party (Christian Democrats)
BEGHIN Tiziana,http://www.twitter.com/beghin_t,@beghin_t,Italy,Europe of Freedom and Direct Democracy Group
BELDER Bas,http://www.twitter.com/BasBelderMEP,@BasBelderMEP,Netherlands,European Conservatives and Reformists Group
BELET Ivo,http://www.twitter.com/IvoBelet,@IvoBelet,Belgium,Group of the European People's Party (Christian Democrats)
BENDTSEN Bendt,http://www.twitter.com/BendtEU,@BendtEU,Denmark,Group of the European People's Party (Christian Democrats)
BENIFEI Brando,http://www.twitter.com/brandobenifei,@brandobenifei,Italy,Group of the Progressive Alliance of Socialists and Democrats in the European Parliament
BENITO ZILUAGA Xabier,http://www.twitter.com/xabierbenito,@xabierbenito,Spain,Confederal Group of the European United Left - Nordic Green Left
BERÈS Pervenche,http://www.twitter.com/PervencheBeres,@PervencheBeres,France,Group of the Progressive Alliance of Socialists and Democrats in the European Parliament
BERGERON Joëlle,http://www.twitter.com/Jbergeronmep,@Jbergeronmep,France,Europe of Freedom and Direct Democracy Group
BETTINI Goffredo Maria,http://www.twitter.com/GoffredoBettini,@GoffredoBettini,Italy,Group of the Progressive Alliance of Socialists and Democrats in the European Parliament
BILBAO BARANDICA Izaskun,http://www.twitter.com/IzaskunBilbaoB,@IzaskunBilbaoB,Spain,Group of the Alliance of Liberals and Democrats for Europe
BILDE Dominique,http://www.twitter.com/DominiqueBilde,@DominiqueBilde,France,Europe of Nations and Freedom Group
BIZZOTTO Mara,https://twitter.com/marabizzotto,@marabizzotto,Italy,Europe of Nations and Freedom Group
BJÖRK Malin,http://www.twitter.com/MalinBjork_EU,@MalinBjork_EU,Sweden,Confederal Group of the European United Left - Nordic Green Left
BLANCO LÓPEZ José,http://www.twitter.com/pepeblancoEP,@pepeblancoEP,Spain,Group of the Progressive Alliance of Socialists and Democrats in the European Parliament
BLINKEVIČIŪTĖ Vilija,,,Lithuania,Group of the Progressive Alliance of Socialists and Democrats in the European Parliament
BOCSKOR Andrea,https://twitter.com/AndreaBocskor,@AndreaBocskor,Hungary,Group of the European People's Party (Christian Democrats)
BÖGE Reimer,,,Germany,Group of the European People's Party (Christian Democrats)
BOGOVIČ Franc,http://www.twitter.com/Franc_Bogovic,@Franc_Bogovic,Slovenia,Group of the European People's Party (Christian Democrats)
BONAFÈ Simona,http://www.twitter.com/simonabonafe,@simonabonafe,Italy,Group of the Progressive Alliance of Socialists and Democrats in the European Parliament
BONI Michał,http://www.twitter.com/MichalBoni,@MichalBoni,Poland,Group of the European People's Party (Christian Democrats)
BORGHEZIO Mario,http://www.twitter.com/MarioBorghezio,@MarioBorghezio,Italy,Europe of Nations and Freedom Group
BORRELLI David,http://www.twitter.com/borrellidavid,@borrellidavid,Italy,Europe of Freedom and Direct Democracy Group
BORZAN Biljana,http://www.twitter.com/BiljanaBorzan,@BiljanaBorzan,Croatia,Group of the Progressive Alliance of Socialists and Democrats in the European Parliament
BOŞTINARU Victor,http://www.twitter.com/VictorBostinaru,@VictorBostinaru,Romania,Group of the Progressive Alliance of Socialists and Democrats in the European Parliament
BOURS Louise,,,United Kingdom,Europe of Freedom and Direct Democracy Group
BOUTONNET Marie-Christine,,,France,Europe of Nations and Freedom Group
BOVÉ José,http://www.twitter.com/josebove,@josebove,France,Group of the Greens/European Free Alliance
BOYLAN Lynn,http://www.twitter.com/LNBDublin,@LNBDublin,Ireland,Confederal Group of the European United Left - Nordic Green Left
BRANNEN Paul,http://www.twitter.com/PaulBrannenNE,@PaulBrannenNE,United Kingdom,Group of the Progressive Alliance of Socialists and Democrats in the European Parliament
BRESSO Mercedes,http://www.twitter.com/mercedesbresso,@mercedesbresso,Italy,Group of the Progressive Alliance of Socialists and Democrats in the European Parliament
BRIANO Renata,http://www.twitter.com/renatabriano,@renatabriano,Italy,Group of the Progressive Alliance of Socialists and Democrats in the European Parliament
BRIOIS Steeve,http://www.twitter.com/SteeveBriois,@SteeveBriois,France,Europe of Nations and Freedom Group
BROK Elmar,http://www.twitter.com/ElmarBrok_MEP,@ElmarBrok_MEP,Germany,Group of the European People's Party (Christian Democrats)
BUCHNER Klaus,http://www.twitter.com/Dr_KlausBuchner,@Dr_KlausBuchner,Germany,Group of the Greens/European Free Alliance
BUDA Daniel,http://www.twitter.com/MEPDanielBuda,@MEPDanielBuda,Romania,Group of the European People's Party (Christian Democrats)
BULLMANN Udo,http://www.twitter.com/UdoBullmann,@UdoBullmann,Germany,Group of the Progressive Alliance of Socialists and Democrats in the European Parliament
BULLOCK Jonathan,https://twitter.com/JonathanMEP,@JonathanMEP,United Kingdom,Europe of Freedom and Direct Democracy Group
BUŞOI Cristian-Silviu,,,Romania,Group of the European People's Party (Christian Democrats)
BÜTIKOFER Reinhard,http://www.twitter.com/bueti,@bueti,Germany,Group of the Greens/European Free Alliance
BUZEK Jerzy,http://www.twitter.com/JerzyBuzek,@JerzyBuzek,Poland,Group of the European People's Party (Christian Democrats)
CABEZÓN RUIZ Soledad,http://www.twitter.com/SoledadCabezon,@SoledadCabezon,Spain,Group of the Progressive Alliance of Socialists and Democrats in the European Parliament
CADEC Alain,http://www.twitter.com/AlainCadec,@AlainCadec,France,Group of the European People's Party (Christian Democrats)
CALVET CHAMBON Enrique,http://www.twitter.com/EnriqueCalvet,@EnriqueCalvet,Spain,Group of the Alliance of Liberals and Democrats for Europe
CAMP Wim van de,http://www.twitter.com/WimvandeCamp,@WimvandeCamp,Netherlands,Group of the European People's Party (Christian Democrats)
CAMPBELL BANNERMAN David,http://www.twitter.com/DCBMEP,@DCBMEP,United Kingdom,European Conservatives and Reformists Group
CAPUTO Nicola,http://www.twitter.com/NicolaCaputo,@NicolaCaputo,Italy,Group of the Progressive Alliance of Socialists and Democrats in the European Parliament
CARTHY Matt,http://www.twitter.com/mattcarthy,@mattcarthy,Ireland,Confederal Group of the European United Left - Nordic Green Left
CARVER James,http://www.twitter.com/JamesJimCarver,@JamesJimCarver,United Kingdom,Europe of Freedom and Direct Democracy Group
CASA David,http://www.twitter.com/DavidCasaMEP,@DavidCasaMEP,Malta,Group of the European People's Party (Christian Democrats)
CASPARY Daniel,http://www.twitter.com/caspary,@caspary,Germany,Group of the European People's Party (Christian Democrats)
CASTALDO Fabio Massimo,http://www.twitter.com/FMCastaldo,@FMCastaldo,Italy,Europe of Freedom and Direct Democracy Group
CASTILLO VERA Pilar del,http://www.twitter.com/delcastillop,@delcastillop,Spain,Group of the European People's Party (Christian Democrats)
CAVADA Jean-Marie,http://www.twitter.com/JeanMarieCAVADA,@JeanMarieCAVADA,France,Group of the Alliance of Liberals and Democrats for Europe
CESA Lorenzo,http://www.twitter.com/L_Cesa,@L_Cesa,Italy,Group of the European People's Party (Christian Democrats)
CHARANZOVÁ Dita,http://www.twitter.com/charanzova,@charanzova,Czech Republic,Group of the Alliance of Liberals and Democrats for Europe
CHAUPRADE Aymeric,http://www.twitter.com/a_chauprade,@a_chauprade,France,Non-attached Members
CHILDERS Nessa,http://www.twitter.com/NChildersMEP,@NChildersMEP,Ireland,Group of the Progressive Alliance of Socialists and Democrats in the European Parliament
CHINNICI Caterina,http://www.twitter.com/CaterinaChinnic,@CaterinaChinnic,Italy,Group of the Progressive Alliance of Socialists and Democrats in the European Parliament
CHOUNTIS Nikolaos,http://www.twitter.com/NikosChountis,@NikosChountis,Greece,Confederal Group of the European United Left - Nordic Green Left
CHRISTENSEN Ole,http://www.twitter.com/OleEU,@OleEU,Denmark,Group of the Progressive Alliance of Socialists and Democrats in the European Parliament
CHRISTOFOROU Lefteris,http://www.twitter.com/LefChristoforou,@LefChristoforou,Cyprus,Group of the European People's Party (Christian Democrats)
CHRYSOGONOS Kostas,http://www.twitter.com/Chrysogonos_K,@Chrysogonos_K,Greece,Confederal Group of the European United Left - Nordic Green Left
CICU Salvatore,http://www.twitter.com/SalvoCicu,@SalvoCicu,Italy,Group of the European People's Party (Christian Democrats)
CIOCCA Angelo,http://www.twitter.com/AngeloCiocca,@AngeloCiocca,Italy,Europe of Nations and Freedom Group
CIRIO Alberto,http://www.twitter.com/Alberto_Cirio,@Alberto_Cirio,Italy,Group of the European People's Party (Christian Democrats)
CLUNE Deirdre,http://www.twitter.com/DeirdreCluneMEP,@DeirdreCluneMEP,Ireland,Group of the European People's Party (Christian Democrats)
COBURN David,http://www.twitter.com/DavidCoburnUKip,@DavidCoburnUKip,United Kingdom,Europe of Freedom and Direct Democracy Group
COELHO Carlos,http://www.twitter.com/CarlosCoelhoPE,@CarlosCoelhoPE,Portugal,Group of the European People's Party (Christian Democrats)
COFFERATI Sergio Gaetano,http://www.twitter.com/Cofferati,@Cofferati,Italy,Group of the Progressive Alliance of Socialists and Democrats in the European Parliament
COLLIN-LANGEN Birgit,,,Germany,Group of the European People's Party (Christian Democrats)
COLLINS Jane,http://www.twitter.com/Jane_CollinsMEP,@Jane_CollinsMEP,United Kingdom,Europe of Freedom and Direct Democracy Group
COMI Lara,http://www.twitter.com/comilara,@comilara,Italy,Group of the European People's Party (Christian Democrats)
CORAZZA BILDT Anna Maria,http://www.twitter.com/AnnaMariaCB,@AnnaMariaCB,Sweden,Group of the European People's Party (Christian Democrats)
CORBETT Richard,http://www.twitter.com/RCorbettMEP,@RCorbettMEP,United Kingdom,Group of the Progressive Alliance of Socialists and Democrats in the European Parliament
CORNILLET Thierry,https://twitter.com/TCornillet,@TCornillet,France,Group of the Alliance of Liberals and Democrats for Europe
CORRAO Ignazio,http://www.twitter.com/ignaziocorrao,@ignaziocorrao,Italy,Europe of Freedom and Direct Democracy Group
COSTA Silvia,http://www.twitter.com/SilviaCostaEU,@SilviaCostaEU,Italy,Group of the Progressive Alliance of Socialists and Democrats in the European Parliament
COUSO PERMUY Javier,http://www.twitter.com/Caninator,@Caninator,Spain,Confederal Group of the European United Left - Nordic Green Left
COZZOLINO Andrea,http://www.twitter.com/cozzolino62,@cozzolino62,Italy,Group of the Progressive Alliance of Socialists and Democrats in the European Parliament
CRAMER Michael,http://www.twitter.com/MepMCramer,@MepMCramer,Germany,Group of the Greens/European Free Alliance
CRISTEA Andi,http://www.twitter.com/andicristeamep,@andicristeamep,Romania,Group of the Progressive Alliance of Socialists and Democrats in the European Parliament
CROWLEY Brian,,,Ireland,European Conservatives and Reformists Group
CSÁKY Pál,http://www.twitter.com/csakypal,@csakypal,Slovakia,Group of the European People's Party (Christian Democrats)
CZARNECKI Ryszard,http://www.twitter.com/r_czarnecki,@r_czarnecki,Poland,European Conservatives and Reformists Group
CZESAK Edward,,,Poland,European Conservatives and Reformists Group
DALEN Peter van,http://www.twitter.com/petervdalen,@petervdalen,Netherlands,European Conservatives and Reformists Group
DALLI Miriam,http://www.twitter.com/Miriamdalli,@Miriamdalli,Malta,Group of the Progressive Alliance of Socialists and Democrats in the European Parliament
DALTON Daniel,http://www.twitter.com/ddalton40,@ddalton40,United Kingdom,European Conservatives and Reformists Group
DALUNDE Jakop,http://www.twitter.com/JakopDalunde,@JakopDalunde,Sweden,Group of the Greens/European Free Alliance
D'AMATO Rosa,http://www.twitter.com/rosadamato634,@rosadamato634,Italy,Europe of Freedom and Direct Democracy Group
DANCE Seb,http://www.twitter.com/SebDance,@SebDance,United Kingdom,Group of the Progressive Alliance of Socialists and Democrats in the European Parliament
DĂNCILĂ Viorica,http://www.twitter.com/VioricaDancila,@VioricaDancila,Romania,Group of the Progressive Alliance of Socialists and Democrats in the European Parliament
DANJEAN Arnaud,http://www.twitter.com/ArnaudDanjean,@ArnaudDanjean,France,Group of the European People's Party (Christian Democrats)
DANTI Nicola,http://www.twitter.com/DantiNicola,@DantiNicola,Italy,Group of the Progressive Alliance of Socialists and Democrats in the European Parliament
DANTIN Michel,http://www.twitter.com/MichelDANTIN,@MichelDANTIN,France,Group of the European People's Party (Christian Democrats)
DARTMOUTH William (The Earl of),,,United Kingdom,Europe of Freedom and Direct Democracy Group
DATI Rachida,http://www.twitter.com/datirachida,@datirachida,France,Group of the European People's Party (Christian Democrats)
DE CASTRO Paolo,http://www.twitter.com/paolodecastro,@paolodecastro,Italy,Group of the Progressive Alliance of Socialists and Democrats in the European Parliament
DELAHAYE Angélique,http://www.twitter.com/Delahaye_Europe,@Delahaye_Europe,France,Group of the European People's Party (Christian Democrats)
DELI Andor,http://www.twitter.com/AndorDeli,@AndorDeli,Hungary,Group of the European People's Party (Christian Democrats)
DELLI Karima,http://www.twitter.com/KarimaDelli,@KarimaDelli,France,Group of the Greens/European Free Alliance
DELVAUX Mady,http://www.twitter.com/mady_delvaux,@mady_delvaux,Luxembourg,Group of the Progressive Alliance of Socialists and Democrats in the European Parliament
DE MASI Fabio,http://www.twitter.com/FabioDeMasi,@FabioDeMasi,Germany,Confederal Group of the European United Left - Nordic Green Left
DEMESMAEKER Mark,http://www.twitter.com/markdemesmaeker,@markdemesmaeker,Belgium,European Conservatives and Reformists Group
DE MONTE Isabella,http://www.twitter.com/IsabellaDeMonte,@IsabellaDeMonte,Italy,Group of the Progressive Alliance of Socialists and Democrats in the European Parliament
DENANOT Jean-Paul,http://www.twitter.com/jpdenanot,@jpdenanot,France,Group of the Progressive Alliance of Socialists and Democrats in the European Parliament
DEPREZ Gérard,http://www.twitter.com/gerardeprez,@gerardeprez,Belgium,Group of the Alliance of Liberals and Democrats for Europe
DESS Albert,http://www.twitter.com/Albert_Dess_MEP,@Albert_Dess_MEP,Germany,Group of the European People's Party (Christian Democrats)
DEUTSCH Tamás,http://www.twitter.com/dajcstomi,@dajcstomi,Hungary,Group of the European People's Party (Christian Democrats)
DEVA Nirj,http://www.twitter.com/NirjDeva,@NirjDeva,United Kingdom,European Conservatives and Reformists Group
DIACONU Mircea,http://www.twitter.com/M_DiaconuMEP,@M_DiaconuMEP,Romania,Group of the Alliance of Liberals and Democrats for Europe
DÍAZ DE MERA GARCÍA CONSUEGRA Agustín,,,Spain,Group of the European People's Party (Christian Democrats)
DLABAJOVÁ Martina,http://www.twitter.com/Mdlabajova,@Mdlabajova,Czech Republic,Group of the Alliance of Liberals and Democrats for Europe
DODDS Diane,http://www.twitter.com/DianeDoddsMEP,@DianeDoddsMEP,United Kingdom,Non-attached Members
DOHRMANN Jørn,http://www.twitter.com/MEPDohrmann,@MEPDohrmann,Denmark,European Conservatives and Reformists Group
DORFMANN Herbert,http://www.twitter.com/HerbertDorfmann,@HerbertDorfmann,Italy,Group of the European People's Party (Christian Democrats)
D'ORNANO Mireille,http://www.twitter.com/MireilledOrnano,@MireilledOrnano,France,Europe of Nations and Freedom Group
DRĂGHICI Damian,http://www.twitter.com/damiandraghici,@damiandraghici,Romania,Group of the Progressive Alliance of Socialists and Democrats in the European Parliament
DURAND Pascal,http://www.twitter.com/PDurandOfficiel,@PDurandOfficiel,France,Group of the Greens/European Free Alliance
DZHAMBAZKI Angel,,,Bulgaria,European Conservatives and Reformists Group
ECK Stefan,http://www.twitter.com/Stefan_Eck_MEP,@Stefan_Eck_MEP,Germany,Confederal Group of the European United Left - Nordic Green Left
EHLER Christian,,,Germany,Group of the European People's Party (Christian Democrats)
EICKHOUT Bas,http://www.twitter.com/BasEickhout,@BasEickhout,Netherlands,Group of the Greens/European Free Alliance
ELISSEN André,https://twitter.com/AndreElissen,@AndreElissen,Netherlands,Europe of Nations and Freedom Group
ENGEL Frank,,,Luxembourg,Group of the European People's Party (Christian Democrats)
ENGSTRÖM Linnéa,http://www.twitter.com/LinneaEngstrom,@LinneaEngstrom,Sweden,Group of the Greens/European Free Alliance
EPITIDEIOS Georgios,http://www.twitter.com/EpitidGeorgios,@EpitidGeorgios,Greece,Non-attached Members
ERDŐS Norbert,,,Hungary,Group of the European People's Party (Christian Democrats)
ERNST Cornelia,http://www.twitter.com/ErnstCornelia,@ErnstCornelia,Germany,Confederal Group of the European United Left - Nordic Green Left
ERTUG Ismail,http://www.twitter.com/IsmailErtug,@IsmailErtug,Germany,Group of the Progressive Alliance of Socialists and Democrats in the European Parliament
ESTARÀS FERRAGUT Rosa,https://twitter.com/IBenEuropa,@IBenEuropa,Spain,Group of the European People's Party (Christian Democrats)
ETHERIDGE Bill,http://www.twitter.com/BillDudleyNorth,@BillDudleyNorth,United Kingdom,Europe of Freedom and Direct Democracy Group
EVANS Jill,http://www.twitter.com/JillEvansMEP,@JillEvansMEP,United Kingdom,Group of the Greens/European Free Alliance
EVI Eleonora,http://www.twitter.com/EleonoraEvi,@EleonoraEvi,Italy,Europe of Freedom and Direct Democracy Group
FAJON Tanja,http://www.twitter.com/tfajon,@tfajon,Slovenia,Group of the Progressive Alliance of Socialists and Democrats in the European Parliament
FARAGE Nigel,http://www.twitter.com/Nigel_Farage,@Nigel_Farage,United Kingdom,Europe of Freedom and Direct Democracy Group
FARIA José Inácio,http://www.twitter.com/JoseFariaMEP,@JoseFariaMEP,Portugal,Group of the Alliance of Liberals and Democrats for Europe
FEDERLEY Fredrick,http://www.twitter.com/federley,@federley,Sweden,Group of the Alliance of Liberals and Democrats for Europe
FERBER Markus,http://www.twitter.com/MarkusFerber,@MarkusFerber,Germany,Group of the European People's Party (Christian Democrats)
FERNANDES José Manuel,http://www.twitter.com/JMFernandesEU,@JMFernandesEU,Portugal,Group of the European People's Party (Christian Democrats)
FERNÁNDEZ Jonás,http://www.twitter.com/jonasfernandez,@jonasfernandez,Spain,Group of the Progressive Alliance of Socialists and Democrats in the European Parliament
FERRAND Edouard,http://www.twitter.com/e_ferrand,@e_ferrand,France,Europe of Nations and Freedom Group
FERRARA Laura,http://www.twitter.com/LFerraraM5S,@LFerraraM5S,Italy,Europe of Freedom and Direct Democracy Group
FERREIRA João,,,Portugal,Confederal Group of the European United Left - Nordic Green Left
FINCH Raymond,http://www.twitter.com/raymondfinch,@raymondfinch,United Kingdom,Europe of Freedom and Direct Democracy Group
FISAS AYXELÀ Santiago,http://www.twitter.com/SantiagoFisas,@SantiagoFisas,Spain,Group of the European People's Party (Christian Democrats)
FITTO Raffaele,http://www.twitter.com/RaffaeleFitto,@RaffaeleFitto,Italy,European Conservatives and Reformists Group
FJELLNER Christofer,http://www.twitter.com/Fjellner,@Fjellner,Sweden,Group of the European People's Party (Christian Democrats)
FLACK John,https://twitter.com/JFlackMEP,@JFlackMEP,United Kingdom,European Conservatives and Reformists Group
FLANAGAN Luke Ming,http://www.twitter.com/lukeming,@lukeming,Ireland,Confederal Group of the European United Left - Nordic Green Left
FLAŠÍKOVÁ BEŇOVÁ Monika,http://www.twitter.com/MonikaFlaBenova,@MonikaFlaBenova,Slovakia,Group of the Progressive Alliance of Socialists and Democrats in the European Parliament
FLECKENSTEIN Knut,http://www.twitter.com/knufleckenstein,@knufleckenstein,Germany,Group of the Progressive Alliance of Socialists and Democrats in the European Parliament
FLORENZ Karl-Heinz,,,Germany,Group of the European People's Party (Christian Democrats)
FONTANA Lorenzo,http://www.twitter.com/Fontana3Lorenzo,@Fontana3Lorenzo,Italy,Europe of Nations and Freedom Group
FORENZA Eleonora,http://www.twitter.com/eleonoraforenza,@eleonoraforenza,Italy,Confederal Group of the European United Left - Nordic Green Left
FOSTER Jacqueline,http://www.twitter.com/jfostermep,@jfostermep,United Kingdom,European Conservatives and Reformists Group
FOTYGA Anna Elżbieta,,,Poland,European Conservatives and Reformists Group
FOUNTOULIS Lampros,http://www.twitter.com/FountoulisLampr,@FountoulisLampr,Greece,Non-attached Members
FOX Ashley,http://www.twitter.com/Ashleyfoxmep,@Ashleyfoxmep,United Kingdom,European Conservatives and Reformists Group
FREUND Eugen,http://www.twitter.com/EugenAFreund,@EugenAFreund,Austria,Group of the Progressive Alliance of Socialists and Democrats in the European Parliament
FRUNZULICĂ Doru-Claudian,,,Romania,Group of the Progressive Alliance of Socialists and Democrats in the European Parliament
GAHLER Michael,http://www.twitter.com/michaelgahler,@michaelgahler,Germany,Group of the European People's Party (Christian Democrats)
GÁL Kinga,,,Hungary,Group of the European People's Party (Christian Democrats)
GAMBÚS Francesc,http://www.twitter.com/fgambus_eu,@fgambus_eu,Spain,Group of the European People's Party (Christian Democrats)
GARCÍA PÉREZ Iratxe,http://www.twitter.com/IratxeGarper,@IratxeGarper,Spain,Group of the Progressive Alliance of Socialists and Democrats in the European Parliament
GARDIAZABAL RUBIAL Eider,http://www.twitter.com/EGardiazabal,@EGardiazabal,Spain,Group of the Progressive Alliance of Socialists and Democrats in the European Parliament
GARDINI Elisabetta,http://www.twitter.com/EGardini,@EGardini,Italy,Group of the European People's Party (Christian Democrats)
GASBARRA Enrico,http://www.twitter.com/enricogasbarra,@enricogasbarra,Italy,Group of the Progressive Alliance of Socialists and Democrats in the European Parliament
GEBHARDT Evelyne,,,Germany,Group of the Progressive Alliance of Socialists and Democrats in the European Parliament
GEIER Jens,http://www.twitter.com/EuropaJens,@EuropaJens,Germany,Group of the Progressive Alliance of Socialists and Democrats in the European Parliament
GENTILE Elena,http://www.twitter.com/elena_gentile,@elena_gentile,Italy,Group of the Progressive Alliance of Socialists and Democrats in the European Parliament
GERBRANDY Gerben-Jan,http://www.twitter.com/Gerbrandy,@Gerbrandy,Netherlands,Group of the Alliance of Liberals and Democrats for Europe
GERICKE Arne,http://www.twitter.com/Arne_Gericke,@Arne_Gericke,Germany,European Conservatives and Reformists Group
GERINGER OEDENBERG Lidia Joanna de,http://www.twitter.com/lidiageringer,@lidiageringer,Poland,Group of the Progressive Alliance of Socialists and Democrats in the European Parliament
GIEGOLD Sven,http://www.twitter.com/sven_giegold,@sven_giegold,Germany,Group of the Greens/European Free Alliance
GIEREK Adam,http://www.twitter.com/AdamGierek,@AdamGierek,Poland,Group of the Progressive Alliance of Socialists and Democrats in the European Parliament
GIESEKE Jens,,,Germany,Group of the European People's Party (Christian Democrats)
GILL Nathan,http://www.twitter.com/NathanGillMEP,@NathanGillMEP,United Kingdom,Europe of Freedom and Direct Democracy Group
GILL Neena,http://www.twitter.com/NeenaGmep,@NeenaGmep,United Kingdom,Group of the Progressive Alliance of Socialists and Democrats in the European Parliament
GIMÉNEZ BARBAT María Teresa,http://www.twitter.com/gimenezbarbat,@gimenezbarbat,Spain,Group of the Alliance of Liberals and Democrats for Europe
GIRLING Julie,http://www.twitter.com/juliegirling,@juliegirling,United Kingdom,European Conservatives and Reformists Group
GIUFFRIDA Michela,http://www.twitter.com/m_giuffrida,@m_giuffrida,Italy,Group of the Progressive Alliance of Socialists and Democrats in the European Parliament
GODDYN Sylvie,http://www.twitter.com/Sylvie_Goddyn,@Sylvie_Goddyn,France,Europe of Nations and Freedom Group
GOERENS Charles,http://www.twitter.com/CharlesGoerens,@CharlesGoerens,Luxembourg,Group of the Alliance of Liberals and Democrats for Europe
GOLLNISCH Bruno,http://www.twitter.com/brunogollnisch,@brunogollnisch,France,Non-attached Members
GOMES Ana,http://www.twitter.com/AnaGomesMEP,@AnaGomesMEP,Portugal,Group of the Progressive Alliance of Socialists and Democrats in the European Parliament
GONZÁLEZ PEÑAS Tania,http://www.twitter.com/TaniaGonzalezPs,@TaniaGonzalezPs,Spain,Confederal Group of the European United Left - Nordic Green Left
GONZÁLEZ PONS Esteban,http://www.twitter.com/gonzalezpons,@gonzalezpons,Spain,Group of the European People's Party (Christian Democrats)
GOSIEWSKA Beata,http://www.twitter.com/BeataGosiewska,@BeataGosiewska,Poland,European Conservatives and Reformists Group
GRAAFF Marcel de,http://www.twitter.com/MJRLdeGraaff,@MJRLdeGraaff,Netherlands,Europe of Nations and Freedom Group
GRAMMATIKAKIS Giorgos,,,Greece,Group of the Progressive Alliance of Socialists and Democrats in the European Parliament
GRANDES PASCUAL Luis de,,,Spain,Group of the European People's Party (Christian Democrats)
GRAPINI Maria,http://www.twitter.com/MariaGrapini,@MariaGrapini,Romania,Group of the Progressive Alliance of Socialists and Democrats in the European Parliament
GRÄSSLE Ingeborg,http://www.twitter.com/inge_graessle,@inge_graessle,Germany,Group of the European People's Party (Christian Democrats)
GRASWANDER-HAINZ Karoline,https://twitter.com/graswanderhainz,@graswanderhainz,Austria,Group of the Progressive Alliance of Socialists and Democrats in the European Parliament
GRIESBECK Nathalie,http://www.twitter.com/ngriesbeck,@ngriesbeck,France,Group of the Alliance of Liberals and Democrats for Europe
GRIFFIN Theresa,http://www.twitter.com/TheresaMEP,@TheresaMEP,United Kingdom,Group of the Progressive Alliance of Socialists and Democrats in the European Parliament
GRIGULE Iveta,http://www.twitter.com/IvetaGrigule,@IvetaGrigule,Latvia,Group of the Alliance of Liberals and Democrats for Europe
GROSSETÊTE Françoise,http://www.twitter.com/GrosseteteF,@GrosseteteF,France,Group of the European People's Party (Christian Democrats)
GRZYB Andrzej,http://www.twitter.com/GrzybAndrzej,@GrzybAndrzej,Poland,Group of the European People's Party (Christian Democrats)
GUALTIERI Roberto,http://www.twitter.com/gualtierieurope,@gualtierieurope,Italy,Group of the Progressive Alliance of Socialists and Democrats in the European Parliament
GUERRERO SALOM Enrique,,,Spain,Group of the Progressive Alliance of Socialists and Democrats in the European Parliament
GUILLAUME Sylvie,http://www.twitter.com/sylvieguillaume,@sylvieguillaume,France,Group of the Progressive Alliance of Socialists and Democrats in the European Parliament
GUOGA Antanas,http://www.twitter.com/TonyGuoga,@TonyGuoga,Lithuania,Group of the Alliance of Liberals and Democrats for Europe
GUTELAND Jytte,http://www.twitter.com/JytteGuteland,@JytteGuteland,Sweden,Group of the Progressive Alliance of Socialists and Democrats in the European Parliament
GUTIÉRREZ PRIETO Sergio,http://www.twitter.com/Sergio_GP,@Sergio_GP,Spain,Group of the Progressive Alliance of Socialists and Democrats in the European Parliament
GYÜRK András,,,Hungary,Group of the European People's Party (Christian Democrats)
HADJIGEORGIOU Takis,http://www.twitter.com/thadjigeorgiou,@thadjigeorgiou,Cyprus,Confederal Group of the European United Left - Nordic Green Left
HALLA-AHO Jussi,http://www.twitter.com/Halla_aho,@Halla_aho,Finland,European Conservatives and Reformists Group
HÄNDEL Thomas,http://www.twitter.com/thaendel,@thaendel,Germany,Confederal Group of the European United Left - Nordic Green Left
HANNAN Daniel,http://www.twitter.com/DanielJHannan,@DanielJHannan,United Kingdom,European Conservatives and Reformists Group
HARKIN Marian,http://www.twitter.com/MarianHarkin,@MarianHarkin,Ireland,Group of the Alliance of Liberals and Democrats for Europe
HARMS Rebecca,http://www.twitter.com/RebHarms,@RebHarms,Germany,Group of the Greens/European Free Alliance
HÄUSLING Martin,http://www.twitter.com/MartinHaeusling,@MartinHaeusling,Germany,Group of the Greens/European Free Alliance
HAUTALA Heidi,http://www.twitter.com/HeidiHautala,@HeidiHautala,Finland,Group of the Greens/European Free Alliance
HAYES Brian,http://www.twitter.com/brianhayesMEP,@brianhayesMEP,Ireland,Group of the European People's Party (Christian Democrats)
HAZEKAMP Anja,http://www.twitter.com/anjahazekamp,@anjahazekamp,Netherlands,Confederal Group of the European United Left - Nordic Green Left
HEDH Anna,http://www.twitter.com/AnnaHedh,@AnnaHedh,Sweden,Group of the Progressive Alliance of Socialists and Democrats in the European Parliament
HENKEL Hans-Olaf,http://www.twitter.com/HansOlafHenkel,@HansOlafHenkel,Germany,European Conservatives and Reformists Group
HERRANZ GARCÍA Esther,,,Spain,Group of the European People's Party (Christian Democrats)
HETMAN Krzysztof,http://www.twitter.com/Hetman_K,@Hetman_K,Poland,Group of the European People's Party (Christian Democrats)
HEUBUCH Maria,http://www.twitter.com/MariaHeubuch,@MariaHeubuch,Germany,Group of the Greens/European Free Alliance
HOC Czesław,https://twitter.com/czeslawhoc,@czeslawhoc,Poland,European Conservatives and Reformists Group
HOFFMANN Iris,,,Germany,Group of the Progressive Alliance of Socialists and Democrats in the European Parliament
HOHLMEIER Monika,http://www.twitter.com/MonikaHohlmeier,@MonikaHohlmeier,Germany,Group of the European People's Party (Christian Democrats)
HOWARTH John,https://twitter.com/JohnHowarth1958,@JohnHowarth1958,United Kingdom,Group of the Progressive Alliance of Socialists and Democrats in the European Parliament
HÖKMARK Gunnar,http://www.twitter.com/ghokmark,@ghokmark,Sweden,Group of the European People's Party (Christian Democrats)
HÖLVÉNYI György,https://twitter.com/HolvenyiGyorgy,@HolvenyiGyorgy,Hungary,Group of the European People's Party (Christian Democrats)
HONEYBALL Mary,http://www.twitter.com/maryhoneyball,@maryhoneyball,United Kingdom,Group of the Progressive Alliance of Socialists and Democrats in the European Parliament
HOOKEM Mike,http://www.twitter.com/mikehookemmep,@mikehookemmep,United Kingdom,Europe of Freedom and Direct Democracy Group
HORTEFEUX Brice,http://www.twitter.com/BriceHortefeux,@BriceHortefeux,France,Group of the European People's Party (Christian Democrats)
HÜBNER Danuta Maria,http://www.twitter.com/danutahuebner,@danutahuebner,Poland,Group of the European People's Party (Christian Democrats)
HUDGHTON Ian,http://www.twitter.com/hudghtonmepSNP,@hudghtonmepSNP,United Kingdom,Group of the Greens/European Free Alliance
HUITEMA Jan,http://www.twitter.com/jhuitema,@jhuitema,Netherlands,Group of the Alliance of Liberals and Democrats for Europe
HYUSMENOVA Filiz,,,Bulgaria,Group of the Alliance of Liberals and Democrats for Europe
VELD Sophia in 't,http://www.twitter.com/SophieintVeld,@SophieintVeld,Netherlands,Group of the Alliance of Liberals and Democrats for Europe
ITURGAIZ Carlos,http://www.twitter.com/carlositurgaiz,@carlositurgaiz,Spain,Group of the European People's Party (Christian Democrats)
IVAN Cătălin Sorin,http://www.twitter.com/Catalin_Ivan,@Catalin_Ivan,Romania,Group of the Progressive Alliance of Socialists and Democrats in the European Parliament
IWASZKIEWICZ Robert Jarosław,https://twitter.com/RJ_Iwaszkiewicz,@RJ_Iwaszkiewicz,Poland,Europe of Freedom and Direct Democracy Group
JAAKONSAARI Liisa,http://www.twitter.com/Jaakonsaari,@Jaakonsaari,Finland,Group of the Progressive Alliance of Socialists and Democrats in the European Parliament
JÄÄTTEENMÄKI Anneli,http://www.twitter.com/jaatteenmaki,@jaatteenmaki,Finland,Group of the Alliance of Liberals and Democrats for Europe
JADOT Yannick,http://www.twitter.com/yjadot,@yjadot,France,Group of the Greens/European Free Alliance
JAHR Peter,http://www.twitter.com/peter_jahr,@peter_jahr,Germany,Group of the European People's Party (Christian Democrats)
JAKOVČIĆ Ivan,http://www.twitter.com/IvanJakovcic,@IvanJakovcic,Croatia,Group of the Alliance of Liberals and Democrats for Europe
JALKH Jean-François,http://www.twitter.com/JFJalkh,@JFJalkh,France,Europe of Nations and Freedom Group
JAMES Diane,http://www.twitter.com/DianeJamesMEP,@DianeJamesMEP,United Kingdom,Europe of Freedom and Direct Democracy Group
JAMET France,https://twitter.com/JametFrance,@JametFrance,France,Europe of Nations and Freedom Group
JÁRÓKA Livia,,,Hungary,Group of the European People's Party (Christian Democrats)
JÁUREGUI ATONDO Ramón,http://www.twitter.com/RJaureguiA,@RJaureguiA,Spain,Group of the Progressive Alliance of Socialists and Democrats in the European Parliament
JÁVOR Benedek,http://www.twitter.com/javorbenedek,@javorbenedek,Hungary,Group of the Greens/European Free Alliance
JAZŁOWIECKA Danuta,http://www.twitter.com/DJazlowiecka,@DJazlowiecka,Poland,Group of the European People's Party (Christian Democrats)
JEŽEK Petr,http://www.twitter.com/JezekCZ,@JezekCZ,Czech Republic,Group of the Alliance of Liberals and Democrats for Europe
JIMÉNEZ-BECERRIL BARRIO Teresa,http://www.twitter.com/TeresaJBecerril,@TeresaJBecerril,Spain,Group of the European People's Party (Christian Democrats)
JOLY Eva,http://www.twitter.com/EvaJoly,@EvaJoly,France,Group of the Greens/European Free Alliance
JONG Dennis de,http://www.twitter.com/DdJong,@DdJong,Netherlands,Confederal Group of the European United Left - Nordic Green Left
JONGERIUS Agnes,http://www.twitter.com/a_jongerius,@a_jongerius,Netherlands,Group of the Progressive Alliance of Socialists and Democrats in the European Parliament
JOULAUD Marc,http://www.twitter.com/MarcJoulaud,@MarcJoulaud,France,Group of the European People's Party (Christian Democrats)
JUARISTI ABAUNZ Josu,http://www.twitter.com/Josu_Juaristi,@Josu_Juaristi,Spain,Confederal Group of the European United Left - Nordic Green Left
JUREK Marek,http://www.twitter.com/marekjurek,@marekjurek,Poland,European Conservatives and Reformists Group
JUVIN Philippe,http://www.twitter.com/philippejuvin,@philippejuvin,France,Group of the European People's Party (Christian Democrats)
KADENBACH Karin,http://www.twitter.com/karinkadenbach,@karinkadenbach,Austria,Group of the Progressive Alliance of Socialists and Democrats in the European Parliament
KAILI Eva,http://www.twitter.com/EvaKaili,@EvaKaili,Greece,Group of the Progressive Alliance of Socialists and Democrats in the European Parliament
KALINOWSKI Jarosław,,,Poland,Group of the European People's Party (Christian Democrats)
KALLAS Kaja,http://www.twitter.com/kajakallas,@kajakallas,Estonia,Group of the Alliance of Liberals and Democrats for Europe
KALNIETE Sandra,http://www.twitter.com/Kalniete,@Kalniete,Latvia,Group of the European People's Party (Christian Democrats)
KAMALL Syed,http://www.twitter.com/SyedKamall,@SyedKamall,United Kingdom,European Conservatives and Reformists Group
KAMMEREVERT Petra,,,Germany,Group of the Progressive Alliance of Socialists and Democrats in the European Parliament
KAPPEL Barbara,,,Austria,Europe of Nations and Freedom Group
KARAS Othmar,http://www.twitter.com/othmar_karas,@othmar_karas,Austria,Group of the European People's Party (Christian Democrats)
KARI Rina Ronja,http://www.twitter.com/rinakari,@rinakari,Denmark,Confederal Group of the European United Left - Nordic Green Left
KARIM Sajjad,http://www.twitter.com/SHKMEP,@SHKMEP,United Kingdom,European Conservatives and Reformists Group
KARIŅŠ Krišjānis,http://www.twitter.com/krisjaniskarins,@krisjaniskarins,Latvia,Group of the European People's Party (Christian Democrats)
KARLSSON Rikke,,,Denmark,European Conservatives and Reformists Group
KARSKI Karol,http://www.twitter.com/profKarski,@profKarski,Poland,European Conservatives and Reformists Group
KAUFMANN Sylvia-Yvonne,http://www.twitter.com/KaufmannSylvia,@KaufmannSylvia,Germany,Group of the Progressive Alliance of Socialists and Democrats in the European Parliament
KEFALOGIANNIS Manolis,http://www.twitter.com/M_Kefalogiannis,@M_Kefalogiannis,Greece,Group of the European People's Party (Christian Democrats)
KELAM Tunne,,,Estonia,Group of the European People's Party (Christian Democrats)
KELLER Jan,http://www.twitter.com/KellerHonza,@KellerHonza,Czech Republic,Group of the Progressive Alliance of Socialists and Democrats in the European Parliament
KELLER Ska,http://www.twitter.com/SkaKeller,@SkaKeller,Germany,Group of the Greens/European Free Alliance
KELLY Seán,http://www.twitter.com/SeanKellyMEP,@SeanKellyMEP,Ireland,Group of the European People's Party (Christian Democrats)
KHAN Wajid,https://twitter.com/WajidKhanMEP,@WajidKhanMEP,United Kingdom,Group of the Progressive Alliance of Socialists and Democrats in the European Parliament
KIRTON-DARLING Jude,http://www.twitter.com/Jude_KD,@Jude_KD,United Kingdom,Group of the Progressive Alliance of Socialists and Democrats in the European Parliament
KŁOSOWSKI Sławomir,,,Poland,European Conservatives and Reformists Group
KOCH Dieter-Lebrecht,,,Germany,Group of the European People's Party (Christian Democrats)
KOFOD Jeppe,http://www.twitter.com/JeppeKofod,@JeppeKofod,Denmark,Group of the Progressive Alliance of Socialists and Democrats in the European Parliament
KOHLÍČEK Jaromír,http://www.twitter.com/KohlicekJaromir,@KohlicekJaromir,Czech Republic,Confederal Group of the European United Left - Nordic Green Left
KOHN Arndt,https://twitter.com/ArndtKohn,@ArndtKohn,Germany,Group of the Progressive Alliance of Socialists and Democrats in the European Parliament
KÖLMEL Bernd,http://www.twitter.com/Bernd_Koelmel,@Bernd_Koelmel,Germany,European Conservatives and Reformists Group
KONEČNÁ Kateřina,http://www.twitter.com/Konecna_K,@Konecna_K,Czech Republic,Confederal Group of the European United Left - Nordic Green Left
KORWIN-MIKKE Janusz,http://www.twitter.com/korwinmikke,@korwinmikke,Poland,Non-attached Members
KÓSA Ádám,http://www.twitter.com/adamkosamep,@adamkosamep,Hungary,Group of the European People's Party (Christian Democrats)
KÖSTER Dietmar,,,Germany,Group of the Progressive Alliance of Socialists and Democrats in the European Parliament
KÖSTINGER Elisabeth,http://www.twitter.com/ElliKoestinger,@ElliKoestinger,Austria,Group of the European People's Party (Christian Democrats)
KOULOGLOU Stelios,http://www.twitter.com/SteliosKoul,@SteliosKoul,Greece,Confederal Group of the European United Left - Nordic Green Left
KOUROUMBASHEV Peter,https://twitter.com/kouroumbashev,@kouroumbashev,Bulgaria,Group of the Progressive Alliance of Socialists and Democrats in the European Parliament
KOVÁCS Béla,,,Hungary,Non-attached Members
KOVATCHEV Andrey,http://www.twitter.com/andreykovatchev,@andreykovatchev,Bulgaria,Group of the European People's Party (Christian Democrats)
KOZŁOWSKA-RAJEWICZ Agnieszka,http://www.twitter.com/AKRajewicz,@AKRajewicz,Poland,Group of the European People's Party (Christian Democrats)
KRASNODĘBSKI Zdzisław,http://www.twitter.com/ZdzKrasnodebski,@ZdzKrasnodebski,Poland,European Conservatives and Reformists Group
KREHL Constanze,http://www.twitter.com/ConstanzeKrehl,@ConstanzeKrehl,Germany,Group of the Progressive Alliance of Socialists and Democrats in the European Parliament
KRUPA Urszula,,,Poland,European Conservatives and Reformists Group
KUDRYCKA Barbara,http://www.twitter.com/BarbaraKudrycka,@BarbaraKudrycka,Poland,Group of the European People's Party (Christian Democrats)
KUHN Werner,http://www.twitter.com/WernerKuhnMdEP,@WernerKuhnMdEP,Germany,Group of the European People's Party (Christian Democrats)
KUKAN Eduard,http://www.twitter.com/EduardKukan,@EduardKukan,Slovakia,Group of the European People's Party (Christian Democrats)
KUMPULA-NATRI Miapetra,http://www.twitter.com/miapetrakumpula,@miapetrakumpula,Finland,Group of the Progressive Alliance of Socialists and Democrats in the European Parliament
KUNEVA Kostadinka,http://www.twitter.com/kkuneva,@kkuneva,Greece,Confederal Group of the European United Left - Nordic Green Left
KUŹMIUK Zbigniew,http://www.twitter.com/ZbigniewKuzmiuk,@ZbigniewKuzmiuk,Poland,European Conservatives and Reformists Group
KYENGE Cécile Kashetu,http://www.twitter.com/ckyenge,@ckyenge,Italy,Group of the Progressive Alliance of Socialists and Democrats in the European Parliament
KYLLÖNEN Merja,http://www.twitter.com/KyllonenMerja,@KyllonenMerja,Finland,Confederal Group of the European United Left - Nordic Green Left
KYRKOS Miltiadis,,,Greece,Group of the Progressive Alliance of Socialists and Democrats in the European Parliament
KYRTSOS Georgios,http://www.twitter.com/GiorgosKyrtsos,@GiorgosKyrtsos,Greece,Group of the European People's Party (Christian Democrats)
KYUCHYUK Ilhan,http://www.twitter.com/ilhankyuchyuk,@ilhankyuchyuk,Bulgaria,Group of the Alliance of Liberals and Democrats for Europe
LALONDE Patricia,https://twitter.com/patricialalond2,@patricialalond2,France,Group of the Alliance of Liberals and Democrats for Europe
LAMASSOURE Alain,http://www.twitter.com/ALamassoure,@ALamassoure,France,Group of the European People's Party (Christian Democrats)
LAMBERT Jean,http://www.twitter.com/GreenJeanMEP,@GreenJeanMEP,United Kingdom,Group of the Greens/European Free Alliance
LAMBERTS Philippe,http://www.twitter.com/ph_lamberts,@ph_lamberts,Belgium,Group of the Greens/European Free Alliance
LAMBSDORFF Alexander Graf,http://www.twitter.com/Lambsdorff,@Lambsdorff,Germany,Group of the Alliance of Liberals and Democrats for Europe
LANGE Bernd,http://www.twitter.com/berndlange,@berndlange,Germany,Group of the Progressive Alliance of Socialists and Democrats in the European Parliament
LANGE Esther de,http://www.twitter.com/Esther_de_Lange,@Esther_de_Lange,Netherlands,Group of the European People's Party (Christian Democrats)
LANGEN Werner,http://www.twitter.com/langen_werner,@langen_werner,Germany,Group of the European People's Party (Christian Democrats)
LAURISTIN Marju,http://www.twitter.com/LauristinMarju,@LauristinMarju,Estonia,Group of the Progressive Alliance of Socialists and Democrats in the European Parliament
LA VIA Giovanni,http://www.twitter.com/giovannilavia,@giovannilavia,Italy,Group of the European People's Party (Christian Democrats)
LAVRILLEUX Jérôme,http://www.twitter.com/jlavrilleux,@jlavrilleux,France,Group of the European People's Party (Christian Democrats)
LEBRETON Gilles,http://www.twitter.com/Gilles_Lebreton,@Gilles_Lebreton,France,Europe of Nations and Freedom Group
LECHEVALIER Christelle,,,France,Europe of Nations and Freedom Group
LE GRIP Constance,http://www.twitter.com/clegrip,@clegrip,France,Group of the European People's Party (Christian Democrats)
LEGUTKO Ryszard Antoni,,,Poland,European Conservatives and Reformists Group
LE HYARIC Patrick,http://www.twitter.com/PatrickLeHyaric,@PatrickLeHyaric,France,Confederal Group of the European United Left - Nordic Green Left
LEINEN Jo,http://www.twitter.com/jo_leinen,@jo_leinen,Germany,Group of the Progressive Alliance of Socialists and Democrats in the European Parliament
LENAERS Jeroen,http://www.twitter.com/jeroen_lenaers,@jeroen_lenaers,Netherlands,Group of the European People's Party (Christian Democrats)
LE PEN Jean-Marie,http://www.twitter.com/lepenjm,@lepenjm,France,Non-attached Members
LEWANDOWSKI Janusz,http://www.twitter.com/J_Lewandowski,@J_Lewandowski,Poland,Group of the European People's Party (Christian Democrats)
LIBERADZKI Bogusław,http://www.twitter.com/BLiberadzki,@BLiberadzki,Poland,Group of the Progressive Alliance of Socialists and Democrats in the European Parliament
LIESE Peter,http://www.twitter.com/peterliese,@peterliese,Germany,Group of the European People's Party (Christian Democrats)
LIETZ Arne,http://www.twitter.com/ArneLietz,@ArneLietz,Germany,Group of the Progressive Alliance of Socialists and Democrats in the European Parliament
LINS Norbert,,,Germany,Group of the European People's Party (Christian Democrats)
LOCHBIHLER Barbara,http://www.twitter.com/blochbihler,@blochbihler,Germany,Group of the Greens/European Free Alliance
LOISEAU Philippe,http://www.twitter.com/ph_loiseau,@ph_loiseau,France,Europe of Nations and Freedom Group
LØKKEGAARD Morten,http://www.twitter.com/Loekkegaard_MEP,@Loekkegaard_MEP,Denmark,Group of the Alliance of Liberals and Democrats for Europe
LOONES Sander,http://www.twitter.com/SanderLoones,@SanderLoones,Belgium,European Conservatives and Reformists Group
LOPE FONTAGNÉ Verónica,,,Spain,Group of the European People's Party (Christian Democrats)
LÓPEZ Javi,http://www.twitter.com/fjavilopez,@fjavilopez,Spain,Group of the Progressive Alliance of Socialists and Democrats in the European Parliament
LÓPEZ AGUILAR Juan Fernando,http://www.twitter.com/JFLopezAguilar,@JFLopezAguilar,Spain,Group of the Progressive Alliance of Socialists and Democrats in the European Parliament
LÓPEZ BERMEJO Paloma,http://www.twitter.com/palomalopezB,@palomalopezB,Spain,Confederal Group of the European United Left - Nordic Green Left
LÓPEZ-ISTÚRIZ WHITE Antonio,http://www.twitter.com/TonoEPP,@TonoEPP,Spain,Group of the European People's Party (Christian Democrats)
LÖSING Sabine,,,Germany,Confederal Group of the European United Left - Nordic Green Left
LUCKE Bernd,http://www.twitter.com/BerndLucke,@BerndLucke,Germany,European Conservatives and Reformists Group
LUDVIGSSON Olle,http://www.twitter.com/olleludvigsson,@olleludvigsson,Sweden,Group of the Progressive Alliance of Socialists and Democrats in the European Parliament
ŁUKACIJEWSKA Elżbieta Katarzyna,https://twitter.com/elukacijewska,@elukacijewska,Poland,Group of the European People's Party (Christian Democrats)
LUNACEK Ulrike,http://www.twitter.com/UlrikeLunacek,@UlrikeLunacek,Austria,Group of the Greens/European Free Alliance
LUNDGREN Peter,,,Sweden,Europe of Freedom and Direct Democracy Group
ŁYBACKA Krystyna,http://www.twitter.com/KrystynaLybacka,@KrystynaLybacka,Poland,Group of the Progressive Alliance of Socialists and Democrats in the European Parliament
McALLISTER David,http://www.twitter.com/davidmcallister,@davidmcallister,Germany,Group of the European People's Party (Christian Democrats)
McAVAN Linda,http://www.twitter.com/LindaMcAvanMEP,@LindaMcAvanMEP,United Kingdom,Group of the Progressive Alliance of Socialists and Democrats in the European Parliament
McCLARKIN Emma,http://www.twitter.com/EmmaMcClarkin,@EmmaMcClarkin,United Kingdom,European Conservatives and Reformists Group
McGUINNESS Mairead,http://www.twitter.com/MaireadMcGMEP,@MaireadMcGMEP,Ireland,Group of the European People's Party (Christian Democrats)
McINTYRE Anthea,http://www.twitter.com/anthea_mcintyre,@anthea_mcintyre,United Kingdom,European Conservatives and Reformists Group
MACOVEI Monica,http://www.twitter.com/MonicaMacovei1,@MonicaMacovei1,Romania,European Conservatives and Reformists Group
MALETIĆ Ivana,http://www.twitter.com/MaleticIvana,@MaleticIvana,Croatia,Group of the European People's Party (Christian Democrats)
MALINOV Svetoslav Hristov,http://www.twitter.com/SvMalinov,@SvMalinov,Bulgaria,Group of the European People's Party (Christian Democrats)
MALTESE Curzio,http://www.twitter.com/curziomaltesetw,@curziomaltesetw,Italy,Confederal Group of the European United Left - Nordic Green Left
MAMIKINS Andrejs,http://www.twitter.com/andrejsmamikins,@andrejsmamikins,Latvia,Group of the Progressive Alliance of Socialists and Democrats in the European Parliament
MĂNESCU Ramona Nicole,https://twitter.com/RamonaManescu,@RamonaManescu,Romania,Group of the European People's Party (Christian Democrats)
MAŇKA Vladimír,,,Slovakia,Group of the Progressive Alliance of Socialists and Democrats in the European Parliament
MANN Thomas,https://twitter.com/ThomasMannEP,@ThomasMannEP,Germany,Group of the European People's Party (Christian Democrats)
MANSCOUR Louis-Joseph,http://www.twitter.com/LJManscour,@LJManscour,France,Group of the Progressive Alliance of Socialists and Democrats in the European Parliament
MARCELLESI Florent,https://twitter.com/fmarcellesi,@fmarcellesi,Spain,Group of the Greens/European Free Alliance
MARIAS Notis,http://www.twitter.com/Notis_Marias,@Notis_Marias,Greece,European Conservatives and Reformists Group
MARINESCU Marian-Jean,http://www.twitter.com/MarianMarinescu,@MarianMarinescu,Romania,Group of the European People's Party (Christian Democrats)
MARINHO E PINTO António,http://www.twitter.com/marinhoepintoeu,@marinhoepintoeu,Portugal,Group of the Alliance of Liberals and Democrats for Europe
MARTIN David,http://www.twitter.com/davidmartinmep,@davidmartinmep,United Kingdom,Group of the Progressive Alliance of Socialists and Democrats in the European Parliament
MARTIN Dominique,http://www.twitter.com/DMartinFN,@DMartinFN,France,Europe of Nations and Freedom Group
MARTIN Edouard,http://www.twitter.com/edouardmartinEU,@edouardmartinEU,France,Group of the Progressive Alliance of Socialists and Democrats in the European Parliament
MARTUSCIELLO Fulvio,http://www.twitter.com/fulviomartuscie,@fulviomartuscie,Italy,Group of the European People's Party (Christian Democrats)
MARUSIK Michał,https://twitter.com/MarusikMichal,@MarusikMichal,Poland,Europe of Nations and Freedom Group
MAŠTÁLKA Jiří,https://twitter.com/JiriMastalka,@JiriMastalka,Czech Republic,Confederal Group of the European United Left - Nordic Green Left
MATERA Barbara,http://www.twitter.com/BarbaraMatera,@BarbaraMatera,Italy,Group of the European People's Party (Christian Democrats)
MATIAS Marisa,http://www.twitter.com/mmatias_,@mmatias_,Portugal,Confederal Group of the European United Left - Nordic Green Left
MATO Gabriel,http://www.twitter.com/GabrielMatoA,@GabrielMatoA,Spain,Group of the European People's Party (Christian Democrats)
MATTHEWS Rupert,https://twitter.com/RMatthewsMEP,@RMatthewsMEP,United Kingdom,European Conservatives and Reformists Group
MAULLU Stefano,http://www.twitter.com/stefanomaullu,@stefanomaullu,Italy,Group of the European People's Party (Christian Democrats)
MAUREL Emmanuel,http://www.twitter.com/emmanuelmaurel,@emmanuelmaurel,France,Group of the Progressive Alliance of Socialists and Democrats in the European Parliament
MAVRIDES Costas,,,Cyprus,Group of the Progressive Alliance of Socialists and Democrats in the European Parliament
MAYER Alex,https://twitter.com/alexlmayer,@alexlmayer,United Kingdom,Group of the Progressive Alliance of Socialists and Democrats in the European Parliament
MAYER Georg,http://www.twitter.com/georgmayermep,@georgmayermep,Austria,Europe of Nations and Freedom Group
MAZURONIS Valentinas,http://www.twitter.com/ValentinasMazu1,@ValentinasMazu1,Lithuania,Group of the Alliance of Liberals and Democrats for Europe
MEISSNER Gesine,http://www.twitter.com/gesine_meissner,@gesine_meissner,Germany,Group of the Alliance of Liberals and Democrats for Europe
MÉLIN Joëlle,http://www.twitter.com/JoelleMelinFN,@JoelleMelinFN,France,Europe of Nations and Freedom Group
MELIOR Susanne,,,Germany,Group of the Progressive Alliance of Socialists and Democrats in the European Parliament
MELO Nuno,,,Portugal,Group of the European People's Party (Christian Democrats)
MESSERSCHMIDT Morten,http://www.twitter.com/MrMesserschmidt,@MrMesserschmidt,Denmark,European Conservatives and Reformists Group
MESZERICS Tamás,http://www.twitter.com/MeszericsT,@MeszericsT,Hungary,Group of the Greens/European Free Alliance
METSOLA Roberta,http://www.twitter.com/RobertaMetsola,@RobertaMetsola,Malta,Group of the European People's Party (Christian Democrats)
MICHEL Louis,http://www.twitter.com/LouisMichel,@LouisMichel,Belgium,Group of the Alliance of Liberals and Democrats for Europe
MICHELS Martina,http://www.twitter.com/martina_michels,@martina_michels,Germany,Confederal Group of the European United Left - Nordic Green Left
MIHAYLOVA Iskra,https://twitter.com/Iskra_Mihaylova,@Iskra_Mihaylova,Bulgaria,Group of the Alliance of Liberals and Democrats for Europe
MIKOLÁŠIK Miroslav,http://www.twitter.com/miromikolasik,@miromikolasik,Slovakia,Group of the European People's Party (Christian Democrats)
MILLÁN MON Francisco José,,,Spain,Group of the European People's Party (Christian Democrats)
MILTENBURG Matthijs van,http://www.twitter.com/MatthijsvMilt,@MatthijsvMilt,Netherlands,Group of the Alliance of Liberals and Democrats for Europe
MINEUR Anne-Marie,http://www.twitter.com/AnneMarieMineur,@AnneMarieMineur,Netherlands,Confederal Group of the European United Left - Nordic Green Left
MIZZI Marlene,http://www.twitter.com/MarleneMizzi,@MarleneMizzi,Malta,Group of the Progressive Alliance of Socialists and Democrats in the European Parliament
MLINAR Angelika,http://www.twitter.com/AngelikaMlinar,@AngelikaMlinar,Austria,Group of the Alliance of Liberals and Democrats for Europe
MOBARIK Nosheena (Baroness),https://twitter.com/NosheenaM,@NosheenaM,United Kingdom,European Conservatives and Reformists Group
MOI Giulia,http://www.twitter.com/GiuliaMoi_M5S,@GiuliaMoi_M5S,Italy,Europe of Freedom and Direct Democracy Group
MOISĂ Sorin,http://www.twitter.com/sorinmoisa,@sorinmoisa,Romania,Group of the Progressive Alliance of Socialists and Democrats in the European Parliament
MOLNÁR Csaba,,,Hungary,Group of the Progressive Alliance of Socialists and Democrats in the European Parliament
MONOT Bernard,http://www.twitter.com/Bernard_Monot,@Bernard_Monot,France,Europe of Nations and Freedom Group
MONTEIRO DE AGUIAR Cláudia,http://www.twitter.com/cmonteiroaguiar,@cmonteiroaguiar,Portugal,Group of the European People's Party (Christian Democrats)
MONTEL Sophie,http://www.twitter.com/Sophie_Montel,@Sophie_Montel,France,Europe of Nations and Freedom Group
MOODY Clare,http://www.twitter.com/ClareMoodyMEP,@ClareMoodyMEP,United Kingdom,Group of the Progressive Alliance of Socialists and Democrats in the European Parliament
MORAES Claude,http://www.twitter.com/ClaudeMoraesMEP,@ClaudeMoraesMEP,United Kingdom,Group of the Progressive Alliance of Socialists and Democrats in the European Parliament
MORANO Nadine,http://www.twitter.com/nadine__morano,@nadine__morano,France,Group of the European People's Party (Christian Democrats)
MORGANO Luigi,http://www.twitter.com/luigi_morgano,@luigi_morgano,Italy,Group of the Progressive Alliance of Socialists and Democrats in the European Parliament
MORIN-CHARTIER Elisabeth,http://www.twitter.com/emorinchartier,@emorinchartier,France,Group of the European People's Party (Christian Democrats)
MORVAI Krisztina,,,Hungary,Non-attached Members
MOSCA Alessia Maria,http://www.twitter.com/alessiamosca,@alessiamosca,Italy,Group of the Progressive Alliance of Socialists and Democrats in the European Parliament
MÜLLER Ulrike,http://www.twitter.com/UliMuellerMdEP,@UliMuellerMdEP,Germany,Group of the Alliance of Liberals and Democrats for Europe
MUREŞAN Siegfried,http://www.twitter.com/SMuresan,@SMuresan,Romania,Group of the European People's Party (Christian Democrats)
MUSELIER Renaud,http://www.twitter.com/RenaudMuselier,@RenaudMuselier,France,Group of the European People's Party (Christian Democrats)
MUSSOLINI Alessandra,http://www.twitter.com/Ale_Mussolini_,@Ale_Mussolini_,Italy,Group of the European People's Party (Christian Democrats)
NAGY József,http://www.twitter.com/NagyJozsefEU,@NagyJozsefEU,Slovakia,Group of the European People's Party (Christian Democrats)
NART Javier,,,Spain,Group of the Alliance of Liberals and Democrats for Europe
NEKOV Momchil,http://www.twitter.com/MomchilNekov,@MomchilNekov,Bulgaria,Group of the Progressive Alliance of Socialists and Democrats in the European Parliament
NEUSER Norbert,,,Germany,Group of the Progressive Alliance of Socialists and Democrats in the European Parliament
NICA Dan,,,Romania,Group of the Progressive Alliance of Socialists and Democrats in the European Parliament
NICHOLSON James,http://www.twitter.com/JNicholsonMEP,@JNicholsonMEP,United Kingdom,European Conservatives and Reformists Group
NICOLAI Norica,http://www.twitter.com/Norica_Nicolai,@Norica_Nicolai,Romania,Group of the Alliance of Liberals and Democrats for Europe
NIEBLER Angelika,http://www.twitter.com/ANiebler,@ANiebler,Germany,Group of the European People's Party (Christian Democrats)
NIEDERMAYER Luděk,http://www.twitter.com/LudekNie,@LudekNie,Czech Republic,Group of the European People's Party (Christian Democrats)
NIEDERMÜLLER Péter,http://www.twitter.com/NiedermullerMEP,@NiedermullerMEP,Hungary,Group of the Progressive Alliance of Socialists and Democrats in the European Parliament
NIEUWENHUIZEN Cora van,http://www.twitter.com/CvNieuwenhuizen,@CvNieuwenhuizen,Netherlands,Group of the Alliance of Liberals and Democrats for Europe
NILSSON Jens,http://www.twitter.com/jensni,@jensni,Sweden,Group of the Progressive Alliance of Socialists and Democrats in the European Parliament
NÍ RIADA Liadh,http://www.twitter.com/LiadhNiRiadaMEP,@LiadhNiRiadaMEP,Ireland,Confederal Group of the European United Left - Nordic Green Left
NISTELROOIJ Lambert van,http://www.twitter.com/LvNistelrooij,@LvNistelrooij,Netherlands,Group of the European People's Party (Christian Democrats)
NOICHL Maria,,,Germany,Group of the Progressive Alliance of Socialists and Democrats in the European Parliament
NOVAKOV Andrey,http://www.twitter.com/AndreyNovakov,@AndreyNovakov,Bulgaria,Group of the European People's Party (Christian Democrats)
NUTTALL Paul,http://www.twitter.com/paulnuttallukip,@paulnuttallukip,United Kingdom,Europe of Freedom and Direct Democracy Group
OBERMAYR Franz,http://www.twitter.com/franzobermayr,@franzobermayr,Austria,Europe of Nations and Freedom Group
O'FLYNN Patrick,http://www.twitter.com/oflynnmep,@oflynnmep,United Kingdom,Europe of Freedom and Direct Democracy Group
OLBRYCHT Jan,http://www.twitter.com/JanOlbrycht,@JanOlbrycht,Poland,Group of the European People's Party (Christian Democrats)
OMARJEE Younous,http://www.twitter.com/younousomarjee,@younousomarjee,France,Confederal Group of the European United Left - Nordic Green Left
OŻÓG Stanisław,http://www.twitter.com/biuroposelskie,@biuroposelskie,Poland,European Conservatives and Reformists Group
PABRIKS Artis,http://www.twitter.com/Pabriks,@Pabriks,Latvia,Group of the European People's Party (Christian Democrats)
PAET Urmas,http://www.twitter.com/Urmaspaet,@Urmaspaet,Estonia,Group of the Alliance of Liberals and Democrats for Europe
PAGAZAURTUNDÚA RUIZ Maite,http://www.twitter.com/maitepagaza,@maitepagaza,Spain,Group of the Alliance of Liberals and Democrats for Europe
PAKSAS Rolandas,http://www.twitter.com/RolandasPaksas,@RolandasPaksas,Lithuania,Europe of Freedom and Direct Democracy Group
PALMER Rory,https://twitter.com/Rory_Palmer,@Rory_Palmer,United Kingdom,Group of the Progressive Alliance of Socialists and Democrats in the European Parliament
PANZERI Pier Antonio,http://www.twitter.com/AntonioPanzeri,@AntonioPanzeri,Italy,Group of the Progressive Alliance of Socialists and Democrats in the European Parliament
PAOLUCCI Massimo,http://www.twitter.com/MassimoPaolucc6,@MassimoPaolucc6,Italy,Group of the Progressive Alliance of Socialists and Democrats in the European Parliament
PAPADAKIS Demetris,http://www.twitter.com/DemPapadakis,@DemPapadakis,Cyprus,Group of the Progressive Alliance of Socialists and Democrats in the European Parliament
PAPADAKIS Konstantinos,,,Greece,Non-attached Members
PAPADIMOULIS Dimitrios,http://www.twitter.com/papadimoulis,@papadimoulis,Greece,Confederal Group of the European United Left - Nordic Green Left
PARGNEAUX Gilles,http://www.twitter.com/gillespargneaux,@gillespargneaux,France,Group of the Progressive Alliance of Socialists and Democrats in the European Parliament
PARKER Margot,http://www.twitter.com/MargotLJParker,@MargotLJParker,United Kingdom,Europe of Freedom and Direct Democracy Group
PAŞCU Ioan Mircea,http://www.twitter.com/ioanmirceapascu,@ioanmirceapascu,Romania,Group of the Progressive Alliance of Socialists and Democrats in the European Parliament
PATRICIELLO Aldo,http://www.twitter.com/PatricielloAldo,@PatricielloAldo,Italy,Group of the European People's Party (Christian Democrats)
PAUNOVA Eva,http://www.twitter.com/EvaMaydell,@EvaMaydell,Bulgaria,Group of the European People's Party (Christian Democrats)
PAVEL Emilian,http://www.twitter.com/PavelEmilian,@PavelEmilian,Romania,Group of the Progressive Alliance of Socialists and Democrats in the European Parliament
PAYNE Jiří,https://twitter.com/JTP07,@JTP07,Czech Republic,Europe of Freedom and Direct Democracy Group
PEDICINI Piernicola,http://www.twitter.com/PediciniM5S,@PediciniM5S,Italy,Europe of Freedom and Direct Democracy Group
PEILLON Vincent,http://www.twitter.com/Vincent_Peillon,@Vincent_Peillon,France,Group of the Progressive Alliance of Socialists and Democrats in the European Parliament
PETERLE Alojz,http://www.twitter.com/lojzepeterle,@lojzepeterle,Slovenia,Group of the European People's Party (Christian Democrats)
PETERSEN Morten Helveg,http://www.twitter.com/mortenhelveg,@mortenhelveg,Denmark,Group of the Alliance of Liberals and Democrats for Europe
PETIR Marijana,http://www.twitter.com/marijana_petir,@marijana_petir,Croatia,Group of the European People's Party (Christian Democrats)
PHILIPPOT Florian,http://www.twitter.com/f_philippot,@f_philippot,France,Europe of Nations and Freedom Group
PICIERNO Pina,http://www.twitter.com/pinapic,@pinapic,Italy,Group of the Progressive Alliance of Socialists and Democrats in the European Parliament
PICULA Tonino,http://www.twitter.com/TPicula,@TPicula,Croatia,Group of the Progressive Alliance of Socialists and Democrats in the European Parliament
G. PIECHA Bolesław,,,Poland,European Conservatives and Reformists Group
PIEPER Markus,http://www.twitter.com/markuspieperMEP,@markuspieperMEP,Germany,Group of the European People's Party (Christian Democrats)
PIETIKÄINEN Sirpa,http://www.twitter.com/spietikainen,@spietikainen,Finland,Group of the European People's Party (Christian Democrats)
PIMENTA LOPES João,https://twitter.com/JPimentaLopes,@JPimentaLopes,Portugal,Confederal Group of the European United Left - Nordic Green Left
PIOTROWSKI Mirosław,,,Poland,European Conservatives and Reformists Group
PIRI Kati,http://www.twitter.com/KatiPiri,@KatiPiri,Netherlands,Group of the Progressive Alliance of Socialists and Democrats in the European Parliament
PIRINSKI Georgi,,,Bulgaria,Group of the Progressive Alliance of Socialists and Democrats in the European Parliament
PITERA Julia,,,Poland,Group of the European People's Party (Christian Democrats)
PITTELLA Gianni,http://www.twitter.com/giannipittella,@giannipittella,Italy,Group of the Progressive Alliance of Socialists and Democrats in the European Parliament
PLURA Marek,http://www.twitter.com/marek_plura,@marek_plura,Poland,Group of the European People's Party (Christian Democrats)
POC Pavel,http://www.twitter.com/pavelpoc,@pavelpoc,Czech Republic,Group of the Progressive Alliance of Socialists and Democrats in the European Parliament
POCHE Miroslav,http://www.twitter.com/PocheMEP,@PocheMEP,Czech Republic,Group of the Progressive Alliance of Socialists and Democrats in the European Parliament
POGLIESE Salvatore Domenico,http://www.twitter.com/SalvoPogliese,@SalvoPogliese,Italy,Group of the European People's Party (Christian Democrats)
POLČÁK Stanislav,http://www.twitter.com/stanislavpolcak,@stanislavpolcak,Czech Republic,Group of the European People's Party (Christian Democrats)
PONGA Maurice,http://www.twitter.com/mauriceponga,@mauriceponga,France,Group of the European People's Party (Christian Democrats)
POPA Răzvan,,,Romania,Group of the Progressive Alliance of Socialists and Democrats in the European Parliament
PORĘBA Tomasz Piotr,http://www.twitter.com/TomaszPoreba,@TomaszPoreba,Poland,European Conservatives and Reformists Group
POSPÍŠIL Jiří,http://www.twitter.com/Pospisil_Jiri,@Pospisil_Jiri,Czech Republic,Group of the European People's Party (Christian Democrats)
POST Soraya,http://www.twitter.com/SorayaPostFi,@SorayaPostFi,Sweden,Group of the Progressive Alliance of Socialists and Democrats in the European Parliament
PREDA Cristian Dan,http://www.twitter.com/CDPreda,@CDPreda,Romania,Group of the European People's Party (Christian Democrats)
PRETZELL Marcus,http://www.twitter.com/MarcusPretzell,@MarcusPretzell,Germany,Europe of Nations and Freedom Group
PREUSS Gabriele,http://www.twitter.com/GabrielePreuss,@GabrielePreuss,Germany,Group of the Progressive Alliance of Socialists and Democrats in the European Parliament
PROCTER John,https://twitter.com/JProcterMEP,@JProcterMEP,United Kingdom,European Conservatives and Reformists Group
PROUST Franck,http://www.twitter.com/franckproust,@franckproust,France,Group of the European People's Party (Christian Democrats)
PUNSET Carolina,http://www.twitter.com/CarolinaPunset,@CarolinaPunset,Spain,Group of the Alliance of Liberals and Democrats for Europe
QUISTHOUDT-ROWOHL Godelieve,http://www.twitter.com/GQuisthoudt,@GQuisthoudt,Germany,Group of the European People's Party (Christian Democrats)
RADEV Emil,http://www.twitter.com/Emil_Radev,@Emil_Radev,Bulgaria,Group of the European People's Party (Christian Democrats)
RADTKE Dennis,,,Germany,Group of the European People's Party (Christian Democrats)
RADOŠ Jozo,http://www.twitter.com/jozorados,@jozorados,Croatia,Group of the Alliance of Liberals and Democrats for Europe
RANGEL Paulo,http://www.twitter.com/libertarofuturo,@libertarofuturo,Portugal,Group of the European People's Party (Christian Democrats)
REBEGA Laurenţiu,https://twitter.com/LaurRebega,@LaurRebega,Romania,Europe of Nations and Freedom Group
REDA Julia,http://www.twitter.com/Senficon,@Senficon,Germany,Group of the Greens/European Free Alliance
REDING Viviane,http://www.twitter.com/VivianeRedingEU,@VivianeRedingEU,Luxembourg,Group of the European People's Party (Christian Democrats)
REGNER Evelyn,http://www.twitter.com/Evelyn_Regner,@Evelyn_Regner,Austria,Group of the Progressive Alliance of Socialists and Democrats in the European Parliament
REID Julia,https://twitter.com/julia_reid,@julia_reid,United Kingdom,Europe of Freedom and Direct Democracy Group
REIMON Michel,http://www.twitter.com/michelreimon,@michelreimon,Austria,Group of the Greens/European Free Alliance
REINTKE Terry,http://www.twitter.com/TerryReintke,@TerryReintke,Germany,Group of the Greens/European Free Alliance
REVAULT D'ALLONNES BONNEFOY Christine,http://www.twitter.com/cdallonnes,@cdallonnes,France,Group of the Progressive Alliance of Socialists and Democrats in the European Parliament
RIBEIRO Sofia,http://www.twitter.com/SofiaHRibeiro,@SofiaHRibeiro,Portugal,Group of the European People's Party (Christian Democrats)
RIES Frédérique,http://www.twitter.com/Frederiqueries,@Frederiqueries,Belgium,Group of the Alliance of Liberals and Democrats for Europe
RIQUET Dominique,http://www.twitter.com/DominiqueRiquet,@DominiqueRiquet,France,Group of the Alliance of Liberals and Democrats for Europe
RIVASI Michèle,http://www.twitter.com/MicheleRivasi,@MicheleRivasi,France,Group of the Greens/European Free Alliance
ROCHEFORT Robert,http://www.twitter.com/robertrochefort,@robertrochefort,France,Group of the Alliance of Liberals and Democrats for Europe
RODRIGUES Liliana,http://www.twitter.com/LilianaMEP,@LilianaMEP,Portugal,Group of the Progressive Alliance of Socialists and Democrats in the European Parliament
RODRIGUES Maria João,http://www.twitter.com/MJRodriguesEU,@MJRodriguesEU,Portugal,Group of the Progressive Alliance of Socialists and Democrats in the European Parliament
RODRÍGUEZ-PIÑERO FERNÁNDEZ Inmaculada,http://www.twitter.com/RodriguezPinero,@RodriguezPinero,Spain,Group of the Progressive Alliance of Socialists and Democrats in the European Parliament
RODUST Ulrike,http://www.twitter.com/UlrikeRodust,@UlrikeRodust,Germany,Group of the Progressive Alliance of Socialists and Democrats in the European Parliament
ROHDE Jens,http://www.twitter.com/rohde_jens,@rohde_jens,Denmark,Group of the Alliance of Liberals and Democrats for Europe
ROLIN Claude,http://www.twitter.com/clauderolin,@clauderolin,Belgium,Group of the European People's Party (Christian Democrats)
ROPĖ Bronis,http://www.twitter.com/BronisRopeLT,@BronisRopeLT,Lithuania,Group of the Greens/European Free Alliance
ROSATI Dariusz,http://www.twitter.com/DariuszRosati,@DariuszRosati,Poland,Group of the European People's Party (Christian Democrats)
ROZIÈRE Virginie,http://www.twitter.com/VRoziere,@VRoziere,France,Group of the Progressive Alliance of Socialists and Democrats in the European Parliament
RUAS Fernando,https://twitter.com/fernandoruas,@fernandoruas,Portugal,Group of the European People's Party (Christian Democrats)
RÜBIG Paul,http://www.twitter.com/PaulRuebig,@PaulRuebig,Austria,Group of the European People's Party (Christian Democrats)
RUOHONEN-LERNER Pirkko,https://twitter.com/PirkkoRL,@PirkkoRL,Finland,European Conservatives and Reformists Group
SAÏFI Tokia,http://www.twitter.com/TokiaSaifi,@TokiaSaifi,France,Group of the European People's Party (Christian Democrats)
SAKORAFA Sofia,http://www.twitter.com/SofiaSakorafa,@SofiaSakorafa,Greece,Confederal Group of the European United Left - Nordic Green Left
SALAFRANCA SÁNCHEZ-NEYRA José Ignacio,,,Spain,Group of the European People's Party (Christian Democrats)
SALINI Massimiliano,http://www.twitter.com/MaxSalini,@MaxSalini,Italy,Group of the European People's Party (Christian Democrats)
SALVINI Matteo,http://www.twitter.com/matteosalvinimi,@matteosalvinimi,Italy,Europe of Nations and Freedom Group
SÁNCHEZ CALDENTEY Lola,http://www.twitter.com/LolaPodemos,@LolaPodemos,Spain,Confederal Group of the European United Left - Nordic Green Left
SANDER Anne,http://www.twitter.com/ASanderMEP,@ASanderMEP,France,Group of the European People's Party (Christian Democrats)
SANT Alfred,http://www.twitter.com/SantAlfred,@SantAlfred,Malta,Group of the Progressive Alliance of Socialists and Democrats in the European Parliament
SANTOS Manuel dos,,,Portugal,Group of the Progressive Alliance of Socialists and Democrats in the European Parliament
SÂRBU Daciana Octavia,http://www.twitter.com/DacianaSarbu,@DacianaSarbu,Romania,Group of the Progressive Alliance of Socialists and Democrats in the European Parliament
SARGENTINI Judith,http://www.twitter.com/judithineuropa,@judithineuropa,Netherlands,Group of the Greens/European Free Alliance
SARVAMAA Petri,http://www.twitter.com/petrisarvamaa,@petrisarvamaa,Finland,Group of the European People's Party (Christian Democrats)
SARYUSZ-WOLSKI Jacek,http://www.twitter.com/JSaryuszWolski,@JSaryuszWolski,Poland,Group of the European People's Party (Christian Democrats)
SASSOLI David-Maria,http://www.twitter.com/DavidSassoli,@DavidSassoli,Italy,Group of the Progressive Alliance of Socialists and Democrats in the European Parliament
SAUDARGAS Algirdas,http://www.twitter.com/SaudargasA,@SaudargasA,Lithuania,Group of the European People's Party (Christian Democrats)
SCHAAKE Marietje,http://www.twitter.com/MarietjeSchaake,@MarietjeSchaake,Netherlands,Group of the Alliance of Liberals and Democrats for Europe
SCHAFFHAUSER Jean-Luc,http://www.twitter.com/JLSchaffhauser,@JLSchaffhauser,France,Europe of Nations and Freedom Group
SCHALDEMOSE Christel,http://www.twitter.com/SchaldemoseMEP,@SchaldemoseMEP,Denmark,Group of the Progressive Alliance of Socialists and Democrats in the European Parliament
SCHLEIN Elly,http://www.twitter.com/ellyesse,@ellyesse,Italy,Group of the Progressive Alliance of Socialists and Democrats in the European Parliament
SCHMIDT Claudia,http://www.twitter.com/Schmidt_Clau,@Schmidt_Clau,Austria,Group of the European People's Party (Christian Democrats)
SCHOLZ Helmut,http://www.twitter.com/HelmutScholzMEP,@HelmutScholzMEP,Germany,Confederal Group of the European United Left - Nordic Green Left
SCHÖPFLIN György,http://www.twitter.com/schopflinMEP,@schopflinMEP,Hungary,Group of the European People's Party (Christian Democrats)
SCHREIJER-PIERIK Annie,http://www.twitter.com/AnnieSchreijer,@AnnieSchreijer,Netherlands,Group of the European People's Party (Christian Democrats)
SCHULZE Sven,http://www.twitter.com/schulzeeuropa,@schulzeeuropa,Germany,Group of the European People's Party (Christian Democrats)
SCHUSTER Joachim,,,Germany,Group of the Progressive Alliance of Socialists and Democrats in the European Parliament
SCHWAB Andreas,http://www.twitter.com/Andreas_Schwab,@Andreas_Schwab,Germany,Group of the European People's Party (Christian Democrats)
SCOTT CATO Molly,http://www.twitter.com/MollyScottCato,@MollyScottCato,United Kingdom,Group of the Greens/European Free Alliance
SEHNALOVÁ Olga,http://www.twitter.com/OlgaSehnalova,@OlgaSehnalova,Czech Republic,Group of the Progressive Alliance of Socialists and Democrats in the European Parliament
SELIMOVIC Jasenko,http://www.twitter.com/jasenkos,@jasenkos,Sweden,Group of the Alliance of Liberals and Democrats for Europe
SENRA RODRÍGUEZ Maria Lidia,http://www.twitter.com/LidiaSenra,@LidiaSenra,Spain,Confederal Group of the European United Left - Nordic Green Left
SERNAGIOTTO Remo,http://www.twitter.com/SernagiottoRemo,@SernagiottoRemo,Italy,European Conservatives and Reformists Group
SERRÃO SANTOS Ricardo,,,Portugal,Group of the Progressive Alliance of Socialists and Democrats in the European Parliament
SEYMOUR Jill,http://www.twitter.com/JSeymourUKIP,@JSeymourUKIP,United Kingdom,Europe of Freedom and Direct Democracy Group
SIEKIERSKI Czesław Adam,http://www.twitter.com/CzSiekierski,@CzSiekierski,Poland,Group of the European People's Party (Christian Democrats)
SILVA PEREIRA Pedro,,,Portugal,Group of the Progressive Alliance of Socialists and Democrats in the European Parliament
SIMON Peter,http://www.twitter.com/PeterSimonMEP,@PeterSimonMEP,Germany,Group of the Progressive Alliance of Socialists and Democrats in the European Parliament
SIMON Siôn,http://www.twitter.com/sionsimon,@sionsimon,United Kingdom,Group of the Progressive Alliance of Socialists and Democrats in the European Parliament
SIPPEL Birgit,http://www.twitter.com/BirgitSippelMEP,@BirgitSippelMEP,Germany,Group of the Progressive Alliance of Socialists and Democrats in the European Parliament
ŠKRIPEK Branislav,http://www.twitter.com/BranoSkripek,@BranoSkripek,Slovakia,European Conservatives and Reformists Group
ŠKRLEC Davor,http://www.twitter.com/DavorSkrlec,@DavorSkrlec,Croatia,Group of the Greens/European Free Alliance
SMITH Alyn,http://www.twitter.com/AlynSmithMEP,@AlynSmithMEP,United Kingdom,Group of the Greens/European Free Alliance
SMOLKOVÁ Monika,http://www.twitter.com/SmolkovaMonika,@SmolkovaMonika,Slovakia,Group of the Progressive Alliance of Socialists and Democrats in the European Parliament
SÓGOR Csaba,,,Romania,Group of the European People's Party (Christian Democrats)
ŠOJDROVÁ Michaela,http://www.twitter.com/msojdrova,@msojdrova,Czech Republic,Group of the European People's Party (Christian Democrats)
SOLÉ I FERRANDO Jordi,https://twitter.com/jordisolef,@jordisolef,Spain,Group of the Greens/European Free Alliance
ŠOLTES Igor,http://www.twitter.com/isoltesEP,@isoltesEP,Slovenia,Group of the Greens/European Free Alliance
SOMMER Renate,,,Germany,Group of the European People's Party (Christian Democrats)
SONNEBORN Martin,http://www.twitter.com/MartinSonneborn,@MartinSonneborn,Germany,Non-attached Members
SORU Renato,http://www.twitter.com/renatosoru,@renatosoru,Italy,Non-attached Members
SPINELLI Barbara,,,Italy,Confederal Group of the European United Left - Nordic Green Left
SPYRAKI Maria,http://www.twitter.com/MariaSpyraki,@MariaSpyraki,Greece,Group of the European People's Party (Christian Democrats)
STAES Bart,http://www.twitter.com/BartStaes,@BartStaes,Belgium,Group of the Greens/European Free Alliance
STANISHEV Sergei,http://www.twitter.com/SergeiStanishev,@SergeiStanishev,Bulgaria,Group of the Progressive Alliance of Socialists and Democrats in the European Parliament
STARBATTY Joachim,http://www.twitter.com/JStarbatty,@JStarbatty,Germany,European Conservatives and Reformists Group
ŠTEFANEC Ivan,http://www.twitter.com/IvanStefanec,@IvanStefanec,Slovakia,Group of the European People's Party (Christian Democrats)
STEINRUCK Jutta,http://www.twitter.com/JuttaSteinruck,@JuttaSteinruck,Germany,Group of the Progressive Alliance of Socialists and Democrats in the European Parliament
ŠTĚTINA Jaromír,http://www.twitter.com/StetinaEP,@StetinaEP,Czech Republic,Group of the European People's Party (Christian Democrats)
STEVENS Helga,http://www.twitter.com/StevensHelga,@StevensHelga,Belgium,European Conservatives and Reformists Group
STIHLER Catherine,http://www.twitter.com/C_Stihler_MEP,@C_Stihler_MEP,United Kingdom,Group of the Progressive Alliance of Socialists and Democrats in the European Parliament
STOLOJAN Theodor Dumitru,http://www.twitter.com/TheodorStolojan,@TheodorStolojan,Romania,Group of the European People's Party (Christian Democrats)
STORCH Beatrix von,http://www.twitter.com/Beatrix_vStorch,@Beatrix_vStorch,Germany,Europe of Freedom and Direct Democracy Group
STUGER Olaf,http://www.twitter.com/OlafStuger,@OlafStuger,Netherlands,Europe of Nations and Freedom Group
ŠUICA Dubravka,http://www.twitter.com/dubravkasuica,@dubravkasuica,Croatia,Group of the European People's Party (Christian Democrats)
SULÍK Richard,http://www.twitter.com/SulikRichard,@SulikRichard,Slovakia,European Conservatives and Reformists Group
ŠULIN Patricija,http://www.twitter.com/PatricijaSulin,@PatricijaSulin,Slovenia,Group of the European People's Party (Christian Democrats)
SVOBODA Pavel,http://www.twitter.com/1PavelSvoboda,@1PavelSvoboda,Czech Republic,Group of the European People's Party (Christian Democrats)
SWINBURNE Kay,http://www.twitter.com/KaySwinburneMEP,@KaySwinburneMEP,United Kingdom,European Conservatives and Reformists Group
SYLIKIOTIS Neoklis,http://www.twitter.com/sylikiotis,@sylikiotis,Cyprus,Confederal Group of the European United Left - Nordic Green Left
SYNADINOS Eleftherios,http://www.twitter.com/Synadinos_Eleft,@Synadinos_Eleft,Greece,Non-attached Members
SZÁJER József,,,Hungary,Group of the European People's Party (Christian Democrats)
SZANYI Tibor,http://www.twitter.com/szanyitibor,@szanyitibor,Hungary,Group of the Progressive Alliance of Socialists and Democrats in the European Parliament
SZEJNFELD Adam,http://www.twitter.com/szejnfeld,@szejnfeld,Poland,Group of the European People's Party (Christian Democrats)
TAJANI Antonio,http://www.twitter.com/Antonio_Tajani,@Antonio_Tajani,Italy,Group of the European People's Party (Christian Democrats)
TAKKULA Hannu,http://www.twitter.com/HTakkula,@HTakkula,Finland,Group of the Alliance of Liberals and Democrats for Europe
TAMBURRANO Dario,http://www.twitter.com/tamburrano,@tamburrano,Italy,Europe of Freedom and Direct Democracy Group
TĂNĂSESCU Claudiu Ciprian,,,Romania,Group of the Progressive Alliance of Socialists and Democrats in the European Parliament
TANG Paul,http://www.twitter.com/paultang,@paultang,Netherlands,Group of the Progressive Alliance of Socialists and Democrats in the European Parliament
TANNOCK Charles,http://www.twitter.com/CharlesTannock,@CharlesTannock,United Kingdom,European Conservatives and Reformists Group
ȚAPARDEL Claudia,http://www.twitter.com/ClaudiaTapardel,@ClaudiaTapardel,Romania,Group of the Progressive Alliance of Socialists and Democrats in the European Parliament
TARABELLA Marc,http://www.twitter.com/marctarabella,@marctarabella,Belgium,Group of the Progressive Alliance of Socialists and Democrats in the European Parliament
TARAND Indrek,http://www.twitter.com/indrektarand,@indrektarand,Estonia,Group of the Greens/European Free Alliance
TAYLOR Keith,http://www.twitter.com/GreenKeithMEP,@GreenKeithMEP,United Kingdom,Group of the Greens/European Free Alliance
TELIČKA Pavel,http://www.twitter.com/Telicka,@Telicka,Czech Republic,Group of the Alliance of Liberals and Democrats for Europe
TERRICABRAS Josep-Maria,http://www.twitter.com/jmterricabras,@jmterricabras,Spain,Group of the Greens/European Free Alliance
THEOCHAROUS Eleni,http://www.twitter.com/THEOCHAROUSE,@THEOCHAROUSE,Cyprus,European Conservatives and Reformists Group
THEURER Michael,http://www.twitter.com/EUTheurer,@EUTheurer,Germany,Group of the Alliance of Liberals and Democrats for Europe
THOMAS Isabelle,http://www.twitter.com/Isabel_thomasEU,@Isabel_thomasEU,France,Group of the Progressive Alliance of Socialists and Democrats in the European Parliament
THUN UND HOHENSTEIN Róża Gräfin von,http://www.twitter.com/rozathun,@rozathun,Poland,Group of the European People's Party (Christian Democrats)
TOIA Patrizia,http://www.twitter.com/toiapatrizia,@toiapatrizia,Italy,Group of the Progressive Alliance of Socialists and Democrats in the European Parliament
TŐKÉS László,,,Hungary,Group of the European People's Party (Christian Democrats)
TOLIĆ Ivica,,,Croatia,Group of the European People's Party (Christian Democrats)
TOMAŠEVSKI Valdemar,,,Lithuania,European Conservatives and Reformists Group
TOMAŠIĆ Ruža,http://www.twitter.com/RuzaTomasic,@RuzaTomasic,Croatia,European Conservatives and Reformists Group
TOMC Romana,http://www.twitter.com/RomanaTomc,@RomanaTomc,Slovenia,Group of the European People's Party (Christian Democrats)
TOOM Yana,http://www.twitter.com/YanaToom,@YanaToom,Estonia,Group of the Alliance of Liberals and Democrats for Europe
TORRES MARTÍNEZ Estefanía,http://www.twitter.com/etorrespodemos,@etorrespodemos,Spain,Confederal Group of the European United Left - Nordic Green Left
TORVALDS Nils,http://www.twitter.com/NilsTorvalds,@NilsTorvalds,Finland,Group of the Alliance of Liberals and Democrats for Europe
TOŠENOVSKÝ Evžen,http://www.twitter.com/EvzenTosenovsky,@EvzenTosenovsky,Czech Republic,European Conservatives and Reformists Group
TREBESIUS Ulrike,http://www.twitter.com/TrebesiusMdEP,@TrebesiusMdEP,Germany,European Conservatives and Reformists Group
TREMOSA BALCELLS Ramon i,http://www.twitter.com/ramontremosa,@ramontremosa,Spain,Group of the Alliance of Liberals and Democrats for Europe
TROSZCZYNSKI Mylène,http://www.twitter.com/Troszczynski_FN,@Troszczynski_FN,France,Europe of Nations and Freedom Group
TRÜPEL Helga,http://www.twitter.com/HelgaTruepel,@HelgaTruepel,Germany,Group of the Greens/European Free Alliance
ŢURCANU Mihai,http://www.twitter.com/turcanu2014,@turcanu2014,Romania,Group of the European People's Party (Christian Democrats)
TURMES Claude,http://www.twitter.com/ClaudeTurmes,@ClaudeTurmes,Luxembourg,Group of the Greens/European Free Alliance
UJAZDOWSKI Kazimierz Michał,http://www.twitter.com/kmujazdowski,@kmujazdowski,Poland,European Conservatives and Reformists Group
UJHELYI István,http://www.twitter.com/istvan_ujhelyi,@istvan_ujhelyi,Hungary,Group of the Progressive Alliance of Socialists and Democrats in the European Parliament
ULVSKOG Marita,http://www.twitter.com/maritaulvskog,@maritaulvskog,Sweden,Group of the Progressive Alliance of Socialists and Democrats in the European Parliament
UNGUREANU Traian,http://www.twitter.com/TraianUngureanu,@TraianUngureanu,Romania,Group of the European People's Party (Christian Democrats)
URBÁN CRESPO Miguel,http://www.twitter.com/MiguelUrban,@MiguelUrban,Spain,Confederal Group of the European United Left - Nordic Green Left
URTASUN Ernest,http://www.twitter.com/ernesturtasun,@ernesturtasun,Spain,Group of the Greens/European Free Alliance
URUTCHEV Vladimir,http://www.twitter.com/urutchev,@urutchev,Bulgaria,Group of the European People's Party (Christian Democrats)
USPASKICH Viktor,http://www.twitter.com/ViktorUspaskich,@ViktorUspaskich,Lithuania,Group of the Alliance of Liberals and Democrats for Europe
VAIDERE Inese,http://www.twitter.com/IneseVaidere,@IneseVaidere,Latvia,Group of the European People's Party (Christian Democrats)
VAJGL Ivo,http://www.twitter.com/ivajgl,@ivajgl,Slovenia,Group of the Alliance of Liberals and Democrats for Europe
VALCÁRCEL SISO Ramón Luis,https://twitter.com/RL_Valcarcel,@RL_Valcarcel,Spain,Group of the European People's Party (Christian Democrats)
VĂLEAN Adina-Ioana,https://twitter.com/AdinaValean,@AdinaValean,Romania,Group of the European People's Party (Christian Democrats)
VALENCIANO Elena,http://www.twitter.com/ElenaValenciano,@ElenaValenciano,Spain,Group of the Progressive Alliance of Socialists and Democrats in the European Parliament
VALERO Bodil,http://www.twitter.com/bodilvalero,@bodilvalero,Sweden,Group of the Greens/European Free Alliance
VALLI Marco,http://www.twitter.com/MarcoValliM5S,@MarcoValliM5S,Italy,Europe of Freedom and Direct Democracy Group
VALLINA Ángela,http://www.twitter.com/AngelaVallina,@AngelaVallina,Spain,Confederal Group of the European United Left - Nordic Green Left
VANA Monika,http://www.twitter.com/MonikaVana,@MonikaVana,Austria,Group of the Greens/European Free Alliance
VAN BOSSUYT Anneleen,http://www.twitter.com/anneleen_vb,@anneleen_vb,Belgium,European Conservatives and Reformists Group
VAN BREMPT Kathleen,http://www.twitter.com/kvanbrempt,@kvanbrempt,Belgium,Group of the Progressive Alliance of Socialists and Democrats in the European Parliament
VANDENKENDELAERE Tom,http://www.twitter.com/tomvdkendelaere,@tomvdkendelaere,Belgium,Group of the European People's Party (Christian Democrats)
VAN ORDEN Geoffrey,https://twitter.com/GVOMEP,@GVOMEP,United Kingdom,European Conservatives and Reformists Group
VAUGHAN Derek,http://www.twitter.com/derekvaughan,@derekvaughan,United Kingdom,Group of the Progressive Alliance of Socialists and Democrats in the European Parliament
VAUTMANS Hilde,http://www.twitter.com/hildevautmans,@hildevautmans,Belgium,Group of the Alliance of Liberals and Democrats for Europe
VÄYRYNEN Paavo,http://www.twitter.com/kokokansanpaavo,@kokokansanpaavo,Finland,Group of the Alliance of Liberals and Democrats for Europe
VERGIAT Marie-Christine,http://www.twitter.com/MCVergiat,@MCVergiat,France,Confederal Group of the European United Left - Nordic Green Left
VERHEYEN Sabine,http://www.twitter.com/sabineverheyen,@sabineverheyen,Germany,Group of the European People's Party (Christian Democrats)
VERHOFSTADT Guy,http://www.twitter.com/guyverhofstadt,@guyverhofstadt,Belgium,Group of the Alliance of Liberals and Democrats for Europe
VIEGAS Miguel,,,Portugal,Confederal Group of the European United Left - Nordic Green Left
VIEU Marie-Pierre,https://twitter.com/mariepierrevieu,@mariepierrevieu,France,Confederal Group of the European United Left - Nordic Green Left
VILIMSKY Harald,http://www.twitter.com/vilimsky,@vilimsky,Austria,Europe of Nations and Freedom Group
VIOTTI Daniele,http://www.twitter.com/danieleviotti,@danieleviotti,Italy,Group of the Progressive Alliance of Socialists and Democrats in the European Parliament
VIRKKUNEN Henna,http://www.twitter.com/HennaVirkkunen,@HennaVirkkunen,Finland,Group of the European People's Party (Christian Democrats)
VISTISEN Anders Primdahl,http://www.twitter.com/AndersVistisen,@AndersVistisen,Denmark,European Conservatives and Reformists Group
VOIGT Udo,http://www.twitter.com/udovoigt,@udovoigt,Germany,Non-attached Members
VOSS Axel,http://www.twitter.com/AxelVossMdEP,@AxelVossMdEP,Germany,Group of the European People's Party (Christian Democrats)
VOZEMBERG-VRIONIDI Elissavet,http://www.twitter.com/vozemberg,@vozemberg,Greece,Group of the European People's Party (Christian Democrats)
WAŁĘSA Jarosław,http://www.twitter.com/WalesaMEP,@WalesaMEP,Poland,Group of the European People's Party (Christian Democrats)
WARD Julie,http://www.twitter.com/julie4nw,@julie4nw,United Kingdom,Group of the Progressive Alliance of Socialists and Democrats in the European Parliament
WEBER Manfred,http://www.twitter.com/ManfredWeber,@ManfredWeber,Germany,Group of the European People's Party (Christian Democrats)
WEBER Renate,http://www.twitter.com/renateweber,@renateweber,Romania,Group of the Alliance of Liberals and Democrats for Europe
WEIDENHOLZER Josef,http://www.twitter.com/Weidenholzer,@Weidenholzer,Austria,Group of the Progressive Alliance of Socialists and Democrats in the European Parliament
WEIZSÄCKER Jakob von,https://twitter.com/jakob_eu,@jakob_eu,Germany,Group of the Progressive Alliance of Socialists and Democrats in the European Parliament
WENTA Bogdan Brunon,,,Poland,Group of the European People's Party (Christian Democrats)
WERNER Martina,http://www.twitter.com/MartinaWernerEU,@MartinaWernerEU,Germany,Group of the Progressive Alliance of Socialists and Democrats in the European Parliament
WESTPHAL Kerstin,http://www.twitter.com/WestphalKerstin,@WestphalKerstin,Germany,Group of the Progressive Alliance of Socialists and Democrats in the European Parliament
WIELAND Rainer,,,Germany,Group of the European People's Party (Christian Democrats)
WIERINCK Lieve,http://www.twitter.com/LieveWierinck,@LieveWierinck,Belgium,Group of the Alliance of Liberals and Democrats for Europe
WIKSTRÖM Cecilia,http://www.twitter.com/CeciliaWikstrom,@CeciliaWikstrom,Sweden,Group of the Alliance of Liberals and Democrats for Europe
WINBERG Kristina,http://www.twitter.com/KristinaWinberg,@KristinaWinberg,Sweden,Europe of Freedom and Direct Democracy Group
WINKLER Hermann,,,Germany,Group of the European People's Party (Christian Democrats)
WINKLER Iuliu,http://www.twitter.com/IuliuWinkler,@IuliuWinkler,Romania,Group of the European People's Party (Christian Democrats)
WIŚNIEWSKA Jadwiga,http://www.twitter.com/j_wisniewska,@j_wisniewska,Poland,European Conservatives and Reformists Group
WOOLFE Steven,http://www.twitter.com/Steven_Woolfe,@Steven_Woolfe,United Kingdom,Europe of Freedom and Direct Democracy Group
WÖLKEN Tiemo,https://twitter.com/woelken,@woelken,Germany,Group of the Progressive Alliance of Socialists and Democrats in the European Parliament
ZÁBORSKÁ Anna,http://www.twitter.com/AnnaZaborska,@AnnaZaborska,Slovakia,Group of the European People's Party (Christian Democrats)
ZAGORAKIS Theodoros,,,Greece,Group of the European People's Party (Christian Democrats)
ZAHRADIL Jan,http://www.twitter.com/ZahradilJan,@ZahradilJan,Czech Republic,European Conservatives and Reformists Group
ZALA Boris,http://www.twitter.com/zalaboris,@zalaboris,Slovakia,Group of the Progressive Alliance of Socialists and Democrats in the European Parliament
ZAMMIT DIMECH Francis,https://twitter.com/FrancisZD,@FrancisZD,Malta,Group of the European People's Party (Christian Democrats)
ZANNI Marco,http://www.twitter.com/Marcozanni86,@Marcozanni86,Italy,Europe of Nations and Freedom Group
ZANONATO Flavio,http://www.twitter.com/flaviozanonato,@flaviozanonato,Italy,Group of the Progressive Alliance of Socialists and Democrats in the European Parliament
ZARIANOPOULOS Sotirios,,,Greece,Non-attached Members
ŽDANOKA Tatjana,http://www.twitter.com/Tatjana_Zdanoka,@Tatjana_Zdanoka,Latvia,Group of the Greens/European Free Alliance
ZDECHOVSKÝ Tomáš,http://www.twitter.com/TomZdechovsky,@TomZdechovsky,Czech Republic,Group of the European People's Party (Christian Democrats)
ZDROJEWSKI Bogdan Andrzej,http://www.twitter.com/BZdrojewski,@BZdrojewski,Poland,Group of the European People's Party (Christian Democrats)
ZELLER Joachim,http://www.twitter.com/joachimzeller,@joachimzeller,Germany,Group of the European People's Party (Christian Democrats)
ZEMKE Janusz,http://www.twitter.com/JanuszZemke,@JanuszZemke,Poland,Group of the Progressive Alliance of Socialists and Democrats in the European Parliament
ZIJLSTRA Auke,,,Netherlands,Europe of Nations and Freedom Group
ZĪLE Roberts,http://www.twitter.com/robertszile,@robertszile,Latvia,European Conservatives and Reformists Group
ZIMMER Gabriele,http://www.twitter.com/GabiZimmerMEP,@GabiZimmerMEP,Germany,Confederal Group of the European United Left - Nordic Green Left
ŽITŇANSKÁ Jana,,,Slovakia,European Conservatives and Reformists Group
ZŁOTOWSKI Kosma,https://twitter.com/KosmaZlotowski,@KosmaZlotowski,Poland,European Conservatives and Reformists Group
ZOFFOLI Damiano,http://www.twitter.com/DamianoZoffoli,@DamianoZoffoli,Italy,Group of the Progressive Alliance of Socialists and Democrats in the European Parliament
ŻÓŁTEK Stanisław,,,Poland,Europe of Nations and Freedom Group
ZORRINHO Carlos,http://www.twitter.com/czorrinho,@czorrinho,Portugal,Group of the Progressive Alliance of Socialists and Democrats in the European Parliament
ZOVKO Željana,https://twitter.com/ZeljanaZovko,@ZeljanaZovko,Croatia,Group of the European People's Party (Christian Democrats)
ZULLO Marco,http://www.twitter.com/MarcoZullo,@MarcoZullo,Italy,Europe of Freedom and Direct Democracy Group
ZVER Milan,http://www.twitter.com/MilanZver,@MilanZver,Slovenia,Group of the European People's Party (Christian Democrats)
ZWIEFKA Tadeusz,http://www.twitter.com/TadeuszZwiefka,@TadeuszZwiefka,Poland,Group of the European People's Party (Christian Democrats)
